year,country,happiness_score,happiness_above_median,explained_log_gdp_per_capita,explained_social_support,explained_healthy_life_expectancy,explained_freedom,explained_generosity,explained_corruption
2019,Finland,7.80870008468628,1,1.28518950939178,1.49952590465546,0.961271405220032,0.662316739559174,0.159670442342758,0.477857261896133
2019,Denmark,7.64559984207153,1,1.32694852352142,1.50344920158386,0.979332566261292,0.665039896965027,0.242793396115303,0.495260328054428
2019,Switzerland,7.55989980697632,1,1.39077425003052,1.47240340709686,1.04053318500519,0.628954470157623,0.269055753946304,0.407945901155472
2019,Iceland,7.50449991226196,1,1.3265016078949,1.547567486763,1.00084340572357,0.661980748176575,0.362330228090286,0.144540771842003
2019,Norway,7.48799991607666,1,1.42420732975006,1.49517250061035,1.00807189941406,0.670200884342194,0.28798508644104,0.434100568294525
2019,Netherlands,7.44890022277832,1,1.33894634246826,1.46364593505859,0.975675344467163,0.613626480102539,0.33631756901741,0.368569761514664
2019,Sweden,7.35349988937378,1,1.32223522663116,1.43334770202637,0.986470460891724,0.650297701358795,0.27282789349556,0.442066371440887
2019,New Zealand,7.29960012435913,1,1.24231791496277,1.48721837997437,1.00813829898834,0.646789908409119,0.325726211071014,0.461268275976181
2019,Austria,7.29419994354248,1,1.31728553771973,1.43744492530823,1.00093352794647,0.603368878364563,0.25550976395607,0.281256139278412
2019,Luxembourg,7.23750019073486,1,1.53667604923248,1.38752841949463,0.986442685127258,0.610137045383453,0.195953920483589,0.3670414686203
2019,Canada,7.23210000991821,1,1.30164766311646,1.43539190292358,1.02250194549561,0.644028127193451,0.281528919935226,0.351701855659485
2019,Australia,7.22279977798462,1,1.31039643287659,1.47714626789093,1.02260768413544,0.621877193450928,0.324973613023758,0.33599641919136
2019,United Kingdom,7.16450023651123,1,1.2730610370636,1.45784497261047,0.975700080394745,0.525168657302856,0.373433440923691,0.322601646184921
2019,Israel,7.12860012054443,1,1.21646368503571,1.40325677394867,1.00805294513702,0.42069947719574,0.266861796379089,0.09989845007658
2019,Costa Rica,7.12139987945557,1,0.981107711791992,1.37485361099243,0.939635336399078,0.645017743110657,0.131266310811043,0.0963620916008949
2019,Ireland,7.09369993209839,1,1.44688677787781,1.47059643268585,0.975670695304871,0.587779939174652,0.295426994562149,0.373433262109756
2019,Germany,7.0757999420166,1,1.31418454647064,1.36854374408722,0.97211480140686,0.56427413225174,0.252037703990936,0.309362292289734
2019,United States,6.93959999084473,1,1.37398684024811,1.40478670597076,0.831618010997772,0.534608244895935,0.298143059015274,0.152284741401672
2019,Czechia,6.9109001159668,1,1.21232235431671,1.40528666973114,0.89456444978714,0.505744576454163,0.0463259294629097,0.0498032234609127
2019,Belgium,6.86350011825562,1,1.29584276676178,1.39867758750916,0.964901149272919,0.499805420637131,0.146966159343719,0.208724051713943
2019,United Arab Emirates,6.79080009460449,1,1.43108642101288,1.25117099285126,0.787814438343048,0.652936100959778,0.280655980110168,0.220213517546654
2019,Malta,6.77279996871948,1,1.2525132894516,1.44295692443848,0.97204202413559,0.633239030838013,0.341180831193924,0.178864076733589
2019,France,6.66379976272583,1,1.26812934875488,1.45883917808533,1.02971422672272,0.514050900936127,0.112607702612877,0.227303236722946
2019,Mexico,6.46500015258789,1,1.02438747882843,1.22633349895477,0.831601023674011,0.553892552852631,0.083094485104084,0.0831336677074432
2019,Taiwan Province of China,6.45539999008179,1,1.32747054100037,1.3577606678009,0.878437995910645,0.449404388666153,0.150598704814911,0.131516352295876
2019,Uruguay,6.44010019302368,1,1.07100045681,1.42508113384247,0.856928884983063,0.594267070293427,0.132143691182137,0.193425074219704
2019,Saudi Arabia,6.4064998626709,1,1.33432853221893,1.30995011329651,0.759818136692047,0.548477470874786,0.0874406844377518,0.163322314620018
2019,Spain,6.40089988708496,1,1.23053526878357,1.4210991859436,1.05134308338165,0.425983816385269,0.165305480360985,0.109579779207706
2019,Guatemala,6.39890003204346,1,0.753815710544586,1.17426705360413,0.7059525847435,0.613146722316742,0.170611664652824,0.0983603000640869
2019,Italy,6.38740015029907,1,1.23639607429504,1.34729599952698,1.02250492572784,0.321305572986603,0.170266211032867,0.0401455983519554
2019,Singapore,6.37709999084473,1,1.51958012580872,1.39545691013336,1.13781428337097,0.635317206382751,0.218770906329155,0.533162236213684
2019,Brazil,6.37559986114502,1,0.952679872512817,1.36346411705017,0.766119062900543,0.483292728662491,0.131674587726593,0.106518603861332
2019,Slovenia,6.36339998245239,1,1.20865249633789,1.46467769145966,0.932548046112061,0.646700143814087,0.145701497793198,0.0765163227915764
2019,El Salvador,6.34829998016357,1,0.748940408229828,1.14939761161804,0.752730011940002,0.524043917655945,0.11893630027771,0.11703035235405
2019,Kosovo,6.32520008087158,1,0.840481340885162,1.18396282196045,0.672709167003632,0.557280421257019,0.325286865234375,0.0085590239614248
2019,Panama,6.30480003356934,1,1.09766781330109,1.37614929676056,0.878546535968781,0.579849779605865,0.0972073078155518,0.0542305260896683
2019,Slovakia,6.28060007095337,1,1.19483768939972,1.4243311882019,0.853465259075165,0.423542529344559,0.116729773581028,0.0112914405763149
2019,Uzbekistan,6.25759983062744,1,0.696652948856354,1.43402004241943,0.716703712940216,0.693270325660706,0.363311022520065,0.280260264873505
2019,Chile,6.22849988937378,1,1.09699249267578,1.32328689098358,0.889260828495026,0.417482227087021,0.155579000711441,0.0628493502736092
2019,Bahrain,6.22730016708374,1,1.29669225215912,1.31532371044159,0.838836371898651,0.610399901866913,0.287453711032867,0.12669725716114
2019,Lithuania,6.21549987792969,1,1.19355964660645,1.43286573886871,0.795421183109283,0.420460790395737,0.0536910407245159,0.0813502743840218
2019,Trinidad and Tobago,6.19189977645874,1,1.16764152050018,1.40732622146606,0.658828556537628,0.552931129932404,0.199358254671097,0.0150783956050873
2019,Poland,6.1862998008728,1,1.16922914981842,1.31039977073669,0.868038475513458,0.557903528213501,0.0633742436766624,0.160541251301765
2019,Colombia,6.16340017318726,1,0.932203710079193,1.3344509601593,0.81002014875412,0.52689003944397,0.0923740938305855,0.0458483695983887
2019,Cyprus,6.15899991989136,1,1.21279942989349,1.14917075634003,1.02612459659576,0.459385871887207,0.227932333946228,0.0512071438133717
2019,Nicaragua,6.13710021972656,1,0.620033144950867,1.27081274986267,0.803093254566193,0.560117304325104,0.212871477007866,0.174084573984146
2019,Romania,6.12370014190674,1,1.12040162086487,1.19443809986115,0.792294859886169,0.53485232591629,0.0681816190481186,0.00082956883125
2019,Kuwait,6.10209989547729,1,1.42483365535736,1.24477982521057,0.776468932628632,0.570261418819427,0.13275109231472,0.1128149330616
2019,Mauritius,6.10129976272583,1,1.07366394996643,1.39566683769226,0.763389408588409,0.590838134288788,0.186894550919533,0.0840882286429405
2019,Kazakhstan,6.05789995193481,1,1.12259423732758,1.45326769351959,0.698788940906525,0.497432142496109,0.153713792562485,0.110463686287403
2019,Estonia,6.02180004119873,1,1.19244122505188,1.45323252677917,0.842615008354187,0.576664805412292,0.125136747956276,0.201766818761826
2019,Philippines,6.00600004196167,1,0.775120675563812,1.24538171291351,0.602189481258392,0.62191516160965,0.129260212182999,0.130385726690292
2019,Hungary,6.00040006637573,1,1.16430711746216,1.42300939559937,0.806793868541718,0.386401802301407,0.0704912394285202,0.0275481734424829
2019,Thailand,5.9987998008728,1,1.00702929496765,1.34751951694489,0.793855845928192,0.609449803829193,0.376709014177322,0.0318378619849682
2019,Argentina,5.97469997406006,1,1.02846562862396,1.37254369258881,0.849773705005646,0.520840346813202,0.0701004713773727,0.0604150593280792
2019,Honduras,5.95319986343384,1,0.598763585090637,1.18666410446167,0.791989982128143,0.568148076534271,0.256528198719025,0.0868071019649506
2019,Latvia,5.94999980926514,1,1.14139544963837,1.41439878940582,0.77790242433548,0.329198807477951,0.0754079446196556,0.0903915241360664
2019,Ecuador,5.92519998550415,1,0.853383600711823,1.22102761268616,0.838837742805481,0.555234551429749,0.115006476640701,0.0867533832788467
2019,Portugal,5.9109001159668,1,1.16880083084106,1.33953034877777,0.979315280914307,0.589895188808441,0.0530369468033314,0.0277334656566381
2019,Jamaica,5.88980007171631,1,0.779058396816254,1.40828919410706,0.788434088230133,0.553124606609344,0.116268493235111,0.030147785320878
2019,Republic of Korea,5.87239980697632,1,1.24530065059662,1.13356053829193,1.02254259586334,0.25935634970665,0.170303866267204,0.0945962816476822
2019,Japan,5.87080001831055,1,1.26672410964966,1.33233869075775,1.07288134098053,0.495465874671936,0.0357117801904678,0.181439638137817
2019,Peru,5.79680013656616,1,0.918549180030823,1.2084059715271,0.824444174766541,0.51321005821228,0.0916118174791336,0.0270326603204012
2019,Serbia,5.77820014953613,1,0.988181829452515,1.32744896411896,0.828403294086456,0.395428419113159,0.150282889604568,0.0594471469521523
2019,Bolivia,5.74749994277954,1,0.730976343154907,1.14235055446625,0.662445664405823,0.574464499950409,0.138375073671341,0.0729426369071007
2019,Pakistan,5.69329977035522,1,0.616799473762512,0.872979581356049,0.469933241605759,0.405421733856201,0.228705063462257,0.122592121362686
2019,Paraguay,5.69210004806519,1,0.897990822792053,1.36819756031036,0.735869646072388,0.586510062217712,0.204299241304398,0.0650773793458939
2019,Dominican Republic,5.68919992446899,1,0.983191847801208,1.32888889312744,0.741901695728302,0.562873899936676,0.112196780741215,0.115945681929588
2019,Bosnia and Herzegovina,5.67409992218018,1,0.918395459651947,1.20398652553558,0.813928186893463,0.305365741252899,0.264005243778229,0.0011724870419129
2019,Republic of Moldova,5.60750007629395,1,0.707916796207428,1.23731219768524,0.713299453258514,0.389571487903595,0.174049183726311,0.0143787441775203
2019,Tajikistan,5.55569982528687,1,0.47487461566925,1.21837770938873,0.680594801902771,0.521141171455383,0.182417124509811,0.22177991271019
2019,Montenegro,5.54610013961792,1,1.0101500749588,1.26565790176392,0.839028894901276,0.303223848342896,0.149010330438614,0.0984351113438606
2019,Russian Federation,5.5460000038147,1,1.12699961662292,1.37864410877228,0.680445909500122,0.399499595165253,0.0990419164299965,0.0456993617117405
2019,Kyrgyzstan,5.54150009155273,1,0.51318097114563,1.34103667736053,0.680645883083344,0.614617764949799,0.301370739936829,0.030466690659523
2019,Belarus,5.5398998260498,1,1.01885449886322,1.38713932037354,0.75258857011795,0.290755867958069,0.0899330601096153,0.193607434630394
2019,North Cyprus,5.53550004959106,1,1.21279942989349,1.18308913707733,1.02612459659576,0.477885723114014,0.199160054326057,0.199802905321121
2019,Greece,5.5149998664856,0,1.12807011604309,1.16897356510162,0.979431748390198,0.173516348004341,0.0,0.0488443523645401
2019,Hong Kong SAR of China,5.51039981842041,0,1.37674605846405,1.24358427524567,1.13663065433502,0.459356516599655,0.28828090429306,0.332485437393188
2019,Croatia,5.50470018386841,0,1.10902428627014,1.31126487255096,0.900575578212738,0.381456881761551,0.113998979330063,0.0123250056058168
2019,Libya,5.48880004882813,0,1.02191376686096,1.19628369808197,0.615626633167267,0.451354056596756,0.142757698893547,0.172258079051971
2019,Mongolia,5.45620012283325,0,0.90487277507782,1.45893061161041,0.615788161754608,0.355703115463257,0.263885736465454,0.0465331263840199
2019,Malaysia,5.38430023193359,0,1.168421626091,1.17400228977203,0.788511872291565,0.596941530704498,0.274886161088943,0.062163133174181
2019,Viet Nam,5.35349988937378,0,0.718092381954193,1.25307476520538,0.819133996963501,0.650835573673248,0.136488720774651,0.0898484587669373
2019,Indonesia,5.28560018539429,0,0.891720712184906,1.15480089187622,0.610437035560608,0.568161427974701,0.542646527290344,0.0382786132395267
2019,Côte d’Ivoire,5.23330020904541,0,0.537094414234161,0.799727261066437,0.154942512512207,0.397122532129288,0.169915586709976,0.0934957936406136
2019,Benin,5.21600008010864,0,0.366244703531265,0.352428436279297,0.328062951564789,0.405839890241623,0.196670427918434,0.12593187391758
2019,Maldives,5.1975998878479,0,0.937864303588867,1.40228760242462,0.914439558982849,0.548203647136688,0.224198251962662,0.0719064921140671
2019,Congo,5.1943998336792,0,0.633616745471954,0.75763601064682,0.458101123571396,0.386514395475388,0.117216013371944,0.118670783936977
2019,Azerbaijan,5.16480016708374,0,0.990272700786591,1.18061304092407,0.731134057044983,0.467734724283218,0.0401132144033909,0.247307181358337
2019,North Macedonia,5.15980005264282,0,0.935371994972229,1.18317353725433,0.802994132041931,0.410224586725235,0.18586353957653,0.0245950594544411
2019,Ghana,5.14799976348877,0,0.575862467288971,0.966367959976196,0.432162255048752,0.477290064096451,0.261291205883026,0.0565703809261322
2019,Nepal,5.13719987869263,0,0.444050371646881,1.10078930854797,0.668879389762878,0.480608254671097,0.300971806049347,0.127502962946892
2019,Türkiye,5.13180017471313,0,1.12716925144196,1.19715917110443,0.781335294246674,0.254400759935379,0.0858855694532394,0.120983242988586
2019,China,5.12389993667603,0,0.990533411502838,1.13208067417145,0.86724853515625,0.601605117321014,0.079021044075489,0.117255553603172
2019,Turkmenistan,5.11910009384155,0,1.0089635848999,1.51047694683075,0.612448036670685,0.515236675739288,0.323129326105118,0.0335038900375366
2019,Bulgaria,5.10150003433228,0,1.04655468463898,1.46057891845703,0.777776896953583,0.417820066213608,0.103833712637424,0.0
2019,Morocco,5.09479999542236,0,0.758622109889984,0.645208477973938,0.745096921920776,0.450054138898849,0.0400325506925583,0.0773856043815613
2019,Cameroon,5.08489990234375,0,0.50395804643631,0.899726450443268,0.270189553499222,0.439242482185364,0.198020100593567,0.0543934218585491
2019,Venezuela,5.05319976806641,0,0.770238637924194,1.34854686260223,0.767025530338287,0.271717220544815,0.0871791541576385,0.0636247768998146
2019,Algeria,5.00509977340698,0,0.943856000900269,1.14300358295441,0.745418548583984,0.0839437991380692,0.118915013968945,0.129190653562546
2019,Senegal,4.98080015182495,0,0.504061818122864,0.954593420028687,0.518391907215118,0.352400898933411,0.16439713537693,0.0818659365177155
2019,Guinea,4.94929981231689,0,0.390007734298706,0.751365959644318,0.33365523815155,0.371878057718277,0.249490842223167,0.112204559147358
2019,Niger,4.90959978103638,0,0.108330331742764,0.703800141811371,0.298816353082657,0.435311615467072,0.208176895976067,0.13755476474762
2019,Lao PDR,4.88859987258911,0,0.71469384431839,0.987391889095306,0.486378282308578,0.612027287483215,0.272667109966278,0.194273963570595
2019,Albania,4.88269996643066,0,0.906653046607971,0.830483913421631,0.846329629421234,0.46194589138031,0.171027764678001,0.0253612846136093
2019,Cambodia,4.8484001159668,0,0.544634938240051,1.07142603397369,0.587904334068298,0.674940347671509,0.233342081308365,0.0728375017642975
2019,Bangladesh,4.83279991149902,0,0.556156277656555,0.868800580501556,0.694940507411957,0.604130566120148,0.176745116710663,0.176735907793045
2019,Gabon,4.82929992675781,0,0.988044381141663,1.10639750957489,0.522574841976166,0.369459897279739,0.0520136021077633,0.0558045394718647
2019,South Africa,4.81409978866577,0,0.902140438556671,1.25908625125885,0.407034069299698,0.434781819581985,0.126406848430634,0.0595021396875381
2019,Iraq,4.78480005264282,0,0.982018709182739,1.0114666223526,0.529350697994232,0.283588051795959,0.153002068400383,0.0731649920344353
2019,Lebanon,4.77150011062622,0,0.889232516288757,1.19249331951141,0.788671135902405,0.18551667034626,0.158524140715599,0.0215181466192007
2019,Burkina Faso,4.76870012283325,0,0.30246764421463,0.929385900497437,0.312833875417709,0.322398155927658,0.186390608549118,0.12640805542469
2019,Gambia,4.75059986114502,0,0.256990551948547,0.882678687572479,0.353247880935669,0.403419524431229,0.42598968744278,0.158093795180321
2019,Mali,4.72930002212524,0,0.352462649345398,0.973141729831696,0.234981521964073,0.377534449100494,0.169667050242424,0.0621462762355804
2019,Nigeria,4.72410011291504,0,0.64590185880661,0.986717939376831,0.167835935950279,0.435079455375671,0.221328124403954,0.047589935362339
2019,Armenia,4.67679977416992,0,0.808262407779694,1.03457689285278,0.775857269763947,0.378075808286667,0.107225738465786,0.104618184268475
2019,Georgia,4.67259979248047,0,0.847198069095612,0.731193900108337,0.694657623767853,0.48549410700798,0.0476097352802753,0.174088075757027
2019,Iran,4.67239999771118,0,1.02932250499725,0.886271178722382,0.749053835868835,0.301195472478867,0.276978939771652,0.14265151321888
2019,Jordan,4.63339996337891,0,0.785179197788239,1.14011859893799,0.777624726295471,0.424855083227158,0.0914947688579559,0.151878625154495
2019,Mozambique,4.62360000610352,0,0.178741365671158,0.955202877521515,0.324223637580872,0.560775339603424,0.220422104001045,0.163064315915108
2019,Kenya,4.58300018310547,0,0.476413398981094,0.905077755451202,0.536312758922577,0.519180536270142,0.393902093172073,0.0672010779380798
2019,Namibia,4.57110023498535,0,0.840081989765167,1.24573814868927,0.406871169805527,0.444598972797394,0.0764544829726219,0.0543203428387642
2019,Ukraine,4.56069993972778,0,0.780434608459473,1.3213164806366,0.698674380779266,0.319423705339432,0.178551316261292,0.0096511598676443
2019,Liberia,4.55789995193481,0,0.174103006720543,0.92073392868042,0.392284274101257,0.405943095684052,0.226967871189117,0.0511398762464523
2019,State of Palestine,4.55280017852783,0,0.587819218635559,1.19475555419922,0.61382657289505,0.298700749874115,0.0918162614107132,0.0719136521220207
2019,Uganda,4.43200016021729,0,0.312337428331375,1.05232739448547,0.378311663866043,0.401682555675507,0.264807373285294,0.0638188421726227
2019,Chad,4.42269992828369,0,0.302287489175797,0.739118278026581,0.108744099736214,0.228601768612862,0.210805088281631,0.0857554078102112
2019,Tunisia,4.39219999313354,0,0.874742686748505,0.872167706489563,0.781156718730927,0.235860556364059,0.055881142616272,0.0438995733857155
2019,Mauritania,4.37459993362427,0,0.539684891700745,1.11332356929779,0.425184816122055,0.185714483261108,0.128899663686752,0.122257634997368
2019,Sri Lanka,4.3270001411438,0,0.897986948490143,1.19494009017944,0.792036712169647,0.528632462024689,0.252666145563126,0.0494445636868477
2019,DR Congo,4.31099987030029,0,0.062487468123436,0.833055019378662,0.277212053537369,0.364622980356216,0.25432488322258,0.0814666450023651
2019,Swaziland,4.30810022354126,0,0.82753974199295,1.06483519077301,0.215585827827454,0.299935787916183,0.0672648325562477,0.146765872836113
2019,Myanmar,4.30800008773804,0,0.678090929985046,1.09817826747894,0.495443075895309,0.597478866577148,0.56981372833252,0.187530353665352
2019,Comoros,4.28859996795654,0,0.415620774030685,0.723232805728912,0.437383323907852,0.181028231978416,0.258538275957108,0.100048534572124
2019,Togo,4.18720006942749,0,0.268116265535355,0.547622859477997,0.342731177806854,0.303539037704468,0.200774252414703,0.114826455712318
2019,Ethiopia,4.18620014190674,0,0.315125644207001,1.00110328197479,0.483846247196198,0.412566870450974,0.227698102593422,0.117437034845352
2019,Madagascar,4.16559982299805,0,0.244553208351135,0.823694348335266,0.500617027282715,0.192967548966408,0.1911900639534,0.0762486383318901
2019,Egypt,4.15140008926392,0,0.875228941440582,0.982539534568787,0.596911311149597,0.373684734106064,0.0688012540340424,0.095461793243885
2019,Sierra Leone,3.92639994621277,0,0.240560382604599,0.747984945774078,0.203953966498375,0.382027685642242,0.257647007703781,0.0479409359395504
2019,Burundi,3.77530002593994,0,0.0,0.403575271368027,0.295212835073471,0.275399059057236,0.187401786446571,0.212186828255653
2019,Zambia,3.75939989089966,0,0.536833763122559,0.89603728055954,0.363593339920044,0.491317540407181,0.250620901584625,0.0867052376270294
2019,Haiti,3.72079992294312,0,0.284734427928925,0.64667135477066,0.374366730451584,0.169297516345978,0.463909655809402,0.161935672163963
2019,Lesotho,3.6528000831604,0,0.454938739538193,1.08894002437592,0.100934810936451,0.40936753153801,0.102627642452717,0.0504838228225708
2019,India,3.57329988479614,0,0.730576157569885,0.644198656082153,0.540570139884949,0.581142246723175,0.237072482705116,0.105587981641293
2019,Malawi,3.53800010681152,0,0.176534727215767,0.530368089675903,0.446163296699524,0.487389832735062,0.213185057044029,0.131633952260017
2019,Yemen,3.52740001678467,0,0.392701774835587,1.17747712135315,0.415000170469284,0.243721485137939,0.0946890115737915,0.0873521268367767
2019,Botswana,3.47889995574951,0,0.997548997402191,1.08569478988647,0.494101732969284,0.509089410305023,0.033407486975193,0.101786367595196
2019,Tanzania,3.47620010375977,0,0.457163125276566,0.872674643993378,0.442677855491638,0.509343087673187,0.271540910005569,0.203880861401558
2019,Central African Republic,3.47589993476868,0,0.0410720817744732,0.0,0.0,0.292814463376999,0.253513216972351,0.0282647181302309
2019,Rwanda,3.31229996681213,0,0.343242675065994,0.52287632226944,0.572383284568787,0.604087889194489,0.235704988241196,0.485542476177216
2019,Zimbabwe,3.2992000579834,0,0.425564020872116,1.04783523082733,0.375037610530853,0.377404719591141,0.151349186897278,0.0809285789728165
2019,South Sudan,2.81660008430481,0,0.28908297419548,0.553278505802155,0.208809033036232,0.0656092539429665,0.20993460714817,0.111156798899174
2019,Afghanistan,2.56690001487732,0,0.300705850124359,0.356433838605881,0.266051530838013,0.0,0.135234713554382,0.0012257853522896
2020,Finland,7.842,1,1.446,1.106,0.741,0.691,0.124,0.481
2020,Denmark,7.62,1,1.502,1.108,0.763,0.686,0.208,0.485
2020,Switzerland,7.571,1,1.566,1.079,0.816,0.653,0.204,0.413
2020,Iceland,7.554,1,1.482,1.172,0.772,0.698,0.293,0.17
2020,Netherlands,7.464,1,1.501,1.079,0.753,0.647,0.302,0.384
2020,Norway,7.392,1,1.543,1.108,0.782,0.703,0.249,0.427
2020,Sweden,7.363,1,1.478,1.062,0.763,0.685,0.244,0.448
2020,Luxembourg,7.324,1,1.751,1.003,0.76,0.639,0.166,0.353
2020,New Zealand,7.277,1,1.4,1.094,0.785,0.665,0.276,0.445
2020,Austria,7.268,1,1.492,1.062,0.782,0.64,0.215,0.292
2020,Australia,7.183,1,1.453,1.076,0.801,0.647,0.291,0.317
2020,Israel,7.157,1,1.376,1.074,0.788,0.509,0.208,0.119
2020,Germany,7.155,1,1.48,0.993,0.757,0.6,0.195,0.306
2020,Canada,7.103,1,1.447,1.044,0.798,0.648,0.246,0.335
2020,Ireland,7.085,1,1.644,1.092,0.753,0.606,0.238,0.367
2020,Costa Rica,7.069,1,1.134,0.966,0.722,0.673,0.105,0.083
2020,United Kingdom,7.064,1,1.423,1.062,0.757,0.58,0.34,0.306
2020,Czechia,6.965,1,1.37,1.09,0.703,0.58,0.052,0.046
2020,United States,6.951,1,1.533,1.03,0.621,0.554,0.252,0.154
2020,Belgium,6.834,1,1.463,0.998,0.747,0.489,0.088,0.187
2020,France,6.69,1,1.421,1.081,0.804,0.536,0.092,0.235
2020,Bahrain,6.647,1,1.409,0.899,0.662,0.661,0.246,0.139
2020,Malta,6.602,1,1.411,1.055,0.747,0.664,0.275,0.183
2020,Taiwan Province of China,6.584,1,1.48,0.982,0.665,0.49,0.142,0.139
2020,United Arab Emirates,6.561,1,1.555,0.86,0.594,0.67,0.236,0.223
2020,Saudi Arabia,6.494,1,1.435,0.964,0.571,0.603,0.09,0.163
2020,Spain,6.491,1,1.375,1.057,0.826,0.462,0.135,0.124
2020,Italy,6.483,1,1.393,0.94,0.798,0.379,0.133,0.047
2020,Slovenia,6.461,1,1.36,1.093,0.722,0.69,0.122,0.085
2020,Guatemala,6.435,1,0.845,0.79,0.519,0.638,0.163,0.105
2020,Uruguay,6.431,1,1.164,1.042,0.649,0.625,0.128,0.223
2020,Singapore,6.377,1,1.695,1.019,0.897,0.664,0.176,0.547
2020,Kosovo,6.372,1,0.937,0.807,0.483,0.593,0.356,0.014
2020,Slovakia,6.331,1,1.304,1.066,0.653,0.468,0.107,0.018
2020,Brazil,6.33,1,1.028,0.944,0.571,0.514,0.142,0.117
2020,Mexico,6.317,1,1.126,0.83,0.634,0.585,0.092,0.089
2020,Jamaica,6.309,1,0.891,0.932,0.599,0.618,0.099,0.035
2020,Lithuania,6.255,1,1.35,1.065,0.612,0.476,0.056,0.073
2020,Cyprus,6.223,1,1.377,0.765,0.801,0.464,0.178,0.061
2020,Estonia,6.189,1,1.344,1.079,0.64,0.641,0.119,0.263
2020,Panama,6.18,1,1.298,0.976,0.667,0.596,0.079,0.053
2020,Uzbekistan,6.179,1,0.769,1.027,0.528,0.716,0.391,0.271
2020,Chile,6.172,1,1.2,0.946,0.678,0.438,0.159,0.07
2020,Poland,6.166,1,1.309,0.982,0.668,0.558,0.08,0.13
2020,Kazakhstan,6.152,1,1.23,1.103,0.527,0.573,0.143,0.132
2020,Romania,6.14,1,1.275,0.832,0.595,0.564,0.045,0.001
2020,Kuwait,6.106,1,1.461,0.857,0.58,0.591,0.12,0.13
2020,Serbia,6.078,1,1.101,0.924,0.634,0.482,0.189,0.066
2020,El Salvador,6.061,1,0.845,0.675,0.565,0.615,0.116,0.16
2020,Mauritius,6.049,1,1.178,0.996,0.574,0.59,0.153,0.096
2020,Latvia,6.032,1,1.285,1.047,0.587,0.405,0.082,0.089
2020,Colombia,6.012,1,1.021,0.866,0.615,0.554,0.1,0.063
2020,Hungary,5.992,1,1.301,1.083,0.615,0.454,0.067,0.04
2020,Thailand,5.985,1,1.107,0.957,0.596,0.611,0.375,0.028
2020,Nicaragua,5.972,1,0.693,0.904,0.604,0.553,0.201,0.176
2020,Japan,5.94,1,1.389,0.949,0.838,0.504,0.02,0.192
2020,Argentina,5.929,1,1.162,0.98,0.646,0.544,0.069,0.067
2020,Portugal,5.929,1,1.323,0.939,0.76,0.621,0.029,0.033
2020,Honduras,5.919,1,0.703,0.787,0.593,0.578,0.241,0.083
2020,Croatia,5.882,1,1.251,1.039,0.703,0.453,0.111,0.0
2020,Philippines,5.88,1,0.853,0.828,0.426,0.651,0.125,0.126
2020,Republic of Korea,5.845,1,1.403,0.758,0.801,0.353,0.134,0.135
2020,Peru,5.84,1,0.986,0.833,0.623,0.536,0.087,0.031
2020,Bosnia and Herzegovina,5.813,1,1.032,0.919,0.618,0.395,0.261,0.005
2020,Republic of Moldova,5.766,1,0.985,0.888,0.542,0.536,0.137,0.013
2020,Ecuador,5.764,1,0.935,0.806,0.64,0.56,0.107,0.062
2020,Kyrgyzstan,5.744,1,0.665,0.971,0.501,0.673,0.266,0.02
2020,Greece,5.723,1,1.273,0.811,0.76,0.243,0.0,0.074
2020,Bolivia,5.716,1,0.842,0.782,0.486,0.6,0.138,0.064
2020,Mongolia,5.677,1,0.966,1.065,0.442,0.397,0.263,0.053
2020,Paraguay,5.653,1,0.983,0.97,0.549,0.602,0.206,0.037
2020,Montenegro,5.581,1,1.155,0.891,0.637,0.397,0.166,0.081
2020,Dominican Republic,5.545,1,1.106,0.879,0.555,0.581,0.101,0.144
2020,North Cyprus,5.536,1,1.377,0.806,0.801,0.503,0.196,0.2
2020,Belarus,5.534,0,1.124,1.007,0.56,0.326,0.07,0.199
2020,Russian Federation,5.477,0,1.241,0.992,0.511,0.409,0.115,0.06
2020,Hong Kong SAR of China,5.477,0,1.525,0.841,0.893,0.408,0.232,0.342
2020,Tajikistan,5.466,0,0.508,0.895,0.498,0.548,0.152,0.247
2020,Viet Nam,5.411,0,0.817,0.873,0.616,0.679,0.124,0.091
2020,Libya,5.41,0,1.044,0.821,0.435,0.474,0.131,0.174
2020,Malaysia,5.384,0,1.259,0.797,0.587,0.624,0.27,0.064
2020,Indonesia,5.345,0,0.954,0.786,0.433,0.598,0.541,0.046
2020,Congo,5.342,0,0.518,0.392,0.307,0.381,0.144,0.124
2020,China,5.339,0,1.061,0.785,0.665,0.636,0.093,0.117
2020,Côte d’Ivoire,5.306,0,0.669,0.409,0.052,0.438,0.177,0.092
2020,Armenia,5.283,0,0.996,0.758,0.585,0.54,0.079,0.198
2020,Nepal,5.269,0,0.519,0.702,0.496,0.488,0.287,0.135
2020,Bulgaria,5.266,0,1.181,1.055,0.583,0.494,0.125,0.005
2020,Maldives,5.198,0,1.115,1.015,0.697,0.575,0.204,0.073
2020,Azerbaijan,5.171,0,1.025,0.841,0.541,0.526,0.043,0.276
2020,Cameroon,5.142,0,0.543,0.556,0.159,0.425,0.205,0.058
2020,Senegal,5.132,0,0.518,0.558,0.357,0.381,0.158,0.088
2020,Albania,5.117,0,1.008,0.529,0.646,0.491,0.168,0.024
2020,North Macedonia,5.101,0,1.068,0.772,0.535,0.45,0.212,0.022
2020,Ghana,5.088,0,0.68,0.595,0.287,0.517,0.268,0.058
2020,Niger,5.074,0,0.162,0.402,0.167,0.516,0.2,0.157
2020,Turkmenistan,5.066,0,1.046,1.172,0.439,0.602,0.366,0.033
2020,Gambia,5.051,0,0.367,0.511,0.21,0.384,0.465,0.123
2020,Benin,5.045,0,0.507,0.058,0.196,0.457,0.166,0.178
2020,Lao PDR,5.03,0,0.808,0.598,0.33,0.643,0.268,0.179
2020,Bangladesh,5.025,0,0.635,0.52,0.514,0.603,0.161,0.164
2020,Guinea,4.984,0,0.42,0.399,0.206,0.384,0.25,0.111
2020,South Africa,4.956,0,0.967,0.895,0.265,0.447,0.144,0.051
2020,Türkiye,4.948,0,1.26,0.809,0.59,0.236,0.097,0.104
2020,Pakistan,4.934,0,0.637,0.423,0.322,0.418,0.252,0.097
2020,Morocco,4.918,0,0.792,0.219,0.558,0.477,0.034,0.088
2020,Venezuela,4.892,0,0.852,0.897,0.574,0.284,0.078,0.072
2020,Georgia,4.891,0,1.03,0.47,0.498,0.488,0.032,0.181
2020,Algeria,4.887,0,0.946,0.765,0.552,0.119,0.144,0.12
2020,Ukraine,4.875,0,0.979,0.958,0.517,0.417,0.181,0.01
2020,Iraq,4.854,0,0.91,0.638,0.381,0.302,0.153,0.041
2020,Gabon,4.852,0,1.037,0.707,0.362,0.424,0.058,0.064
2020,Burkina Faso,4.834,0,0.364,0.472,0.179,0.381,0.182,0.122
2020,Cambodia,4.83,0,0.603,0.68,0.426,0.702,0.21,0.061
2020,Mozambique,4.794,0,0.183,0.634,0.196,0.608,0.228,0.163
2020,Nigeria,4.759,0,0.663,0.625,0.051,0.433,0.212,0.039
2020,Mali,4.723,0,0.387,0.59,0.11,0.384,0.164,0.072
2020,Iran,4.721,0,1.03,0.557,0.561,0.275,0.33,0.144
2020,Uganda,4.636,0,0.364,0.718,0.24,0.398,0.267,0.054
2020,Liberia,4.625,0,0.228,0.58,0.253,0.43,0.221,0.057
2020,Kenya,4.607,0,0.603,0.508,0.385,0.483,0.375,0.073
2020,Tunisia,4.596,0,0.919,0.515,0.59,0.334,0.057,0.044
2020,Lebanon,4.584,0,1.045,0.868,0.595,0.175,0.14,0.026
2020,Namibia,4.574,0,0.882,0.801,0.262,0.411,0.091,0.059
2020,State of Palestine,4.517,0,0.646,0.819,0.434,0.33,0.082,0.075
2020,Myanmar,4.426,0,0.666,0.713,0.341,0.601,0.52,0.178
2020,Jordan,4.395,0,0.89,0.685,0.583,0.455,0.079,0.15
2020,Chad,4.355,0,0.255,0.353,0.0,0.24,0.215,0.084
2020,Sri Lanka,4.325,0,0.99,0.82,0.593,0.559,0.239,0.049
2020,Swaziland,4.308,0,0.849,0.693,0.074,0.323,0.067,0.147
2020,Comoros,4.289,0,0.488,0.367,0.279,0.202,0.241,0.101
2020,Egypt,4.283,0,0.954,0.647,0.426,0.446,0.069,0.092
2020,Ethiopia,4.275,0,0.37,0.679,0.331,0.451,0.241,0.114
2020,Mauritania,4.227,0,0.666,0.749,0.273,0.218,0.119,0.133
2020,Madagascar,4.208,0,0.266,0.503,0.341,0.207,0.185,0.087
2020,Togo,4.107,0,0.254,0.239,0.203,0.289,0.209,0.107
2020,Zambia,4.073,0,0.528,0.552,0.231,0.487,0.227,0.074
2020,Sierra Leone,3.849,0,0.279,0.377,0.1,0.408,0.243,0.047
2020,India,3.819,0,0.741,0.316,0.383,0.622,0.246,0.106
2020,Burundi,3.775,0,0.0,0.062,0.155,0.298,0.172,0.212
2020,Yemen,3.658,0,0.329,0.831,0.272,0.268,0.092,0.089
2020,Tanzania,3.623,0,0.433,0.54,0.3,0.549,0.307,0.231
2020,Haiti,3.615,0,0.294,0.173,0.227,0.257,0.463,0.139
2020,Malawi,3.6,0,0.113,0.168,0.298,0.484,0.213,0.134
2020,Lesotho,3.512,0,0.451,0.731,0.007,0.405,0.103,0.015
2020,Botswana,3.467,0,1.099,0.724,0.34,0.539,0.027,0.088
2020,Rwanda,3.415,0,0.364,0.202,0.407,0.627,0.227,0.493
2020,Zimbabwe,3.145,0,0.457,0.649,0.243,0.359,0.157,0.075
2020,Afghanistan,2.523,0,0.37,0.0,0.126,0.0,0.122,0.01
2021,Finland,7.821,1,1.892,1.258,0.775,0.736,0.109,0.534
2021,Denmark,7.636,1,1.953,1.243,0.777,0.719,0.188,0.532
2021,Iceland,7.557,1,1.936,1.32,0.803,0.718,0.27,0.191
2021,Switzerland,7.512,1,2.026,1.226,0.822,0.677,0.147,0.461
2021,Netherlands,7.415,1,1.945,1.206,0.787,0.651,0.271,0.419
2021,Luxembourg,7.404,1,2.209,1.155,0.79,0.7,0.12,0.388
2021,Sweden,7.384,1,1.92,1.204,0.803,0.724,0.218,0.512
2021,Norway,7.365,1,1.997,1.239,0.786,0.728,0.217,0.474
2021,Israel,7.364,1,1.826,1.221,0.818,0.568,0.155,0.143
2021,New Zealand,7.2,1,1.852,1.235,0.752,0.68,0.245,0.483
2021,Austria,7.163,1,1.931,1.165,0.774,0.623,0.193,0.329
2021,Australia,7.162,1,1.9,1.203,0.772,0.676,0.258,0.341
2021,Ireland,7.041,1,2.129,1.166,0.779,0.627,0.19,0.408
2021,Germany,7.034,1,1.924,1.088,0.776,0.585,0.163,0.358
2021,Canada,7.025,1,1.886,1.188,0.783,0.659,0.217,0.368
2021,United States,6.977,1,1.982,1.182,0.628,0.574,0.22,0.177
2021,United Kingdom,6.943,1,1.867,1.143,0.75,0.597,0.289,0.329
2021,Czechia,6.92,1,1.815,1.26,0.715,0.66,0.158,0.048
2021,Belgium,6.805,1,1.907,1.106,0.764,0.492,0.049,0.204
2021,France,6.687,1,1.863,1.219,0.808,0.567,0.07,0.266
2021,Bahrain,6.647,1,1.854,1.029,0.625,0.693,0.199,0.155
2021,Slovenia,6.63,1,1.81,1.249,0.769,0.685,0.118,0.115
2021,Costa Rica,6.582,1,1.584,1.054,0.744,0.661,0.089,0.102
2021,United Arab Emirates,6.576,1,1.998,0.98,0.633,0.702,0.204,0.25
2021,Saudi Arabia,6.523,1,1.87,1.092,0.577,0.651,0.078,0.18
2021,Taiwan Province of China,6.512,1,1.897,1.095,0.733,0.542,0.075,0.168
2021,Singapore,6.48,1,2.149,1.127,0.851,0.672,0.163,0.587
2021,Romania,6.477,1,1.719,1.006,0.655,0.605,0.039,0.006
2021,Spain,6.476,1,1.808,1.211,0.808,0.505,0.101,0.149
2021,Uruguay,6.474,1,1.615,1.18,0.672,0.665,0.103,0.265
2021,Italy,6.467,1,1.834,1.052,0.801,0.412,0.085,0.059
2021,Kosovo,6.455,1,1.362,0.949,0.569,0.599,0.309,0.035
2021,Malta,6.447,1,1.838,1.169,0.789,0.679,0.174,0.166
2021,Lithuania,6.446,1,1.804,1.204,0.659,0.496,0.053,0.077
2021,Slovakia,6.391,1,1.736,1.232,0.707,0.479,0.118,0.025
2021,Estonia,6.341,1,1.793,1.232,0.728,0.689,0.123,0.333
2021,Panama,6.309,1,1.715,1.107,0.709,0.592,0.049,0.051
2021,Brazil,6.293,1,1.462,1.044,0.615,0.546,0.131,0.134
2021,Guatemala,6.262,1,1.274,0.831,0.522,0.662,0.112,0.115
2021,Kazakhstan,6.234,1,1.668,1.22,0.611,0.584,0.134,0.157
2021,Cyprus,6.221,1,1.815,0.909,0.819,0.448,0.123,0.062
2021,Latvia,6.18,1,1.732,1.221,0.637,0.502,0.075,0.09
2021,Serbia,6.178,1,1.55,1.086,0.658,0.546,0.219,0.088
2021,Chile,6.172,1,1.651,1.08,0.748,0.46,0.124,0.069
2021,Nicaragua,6.165,1,1.105,1.029,0.617,0.617,0.168,0.212
2021,Mexico,6.128,1,1.552,0.886,0.623,0.621,0.092,0.115
2021,Croatia,6.125,1,1.705,1.183,0.709,0.535,0.109,0.0
2021,Poland,6.123,1,1.758,1.174,0.712,0.523,0.124,0.14
2021,El Salvador,6.12,1,1.265,0.768,0.607,0.666,0.089,0.212
2021,Kuwait,6.106,1,1.904,0.983,0.747,0.617,0.087,0.147
2021,Hungary,6.086,1,1.748,1.233,0.668,0.485,0.078,0.064
2021,Mauritius,6.071,1,1.591,1.116,0.568,0.589,0.131,0.107
2021,Uzbekistan,6.063,1,1.219,1.092,0.6,0.716,0.283,0.24
2021,Japan,6.039,1,1.835,1.089,0.866,0.537,0.007,0.218
2021,Honduras,6.022,1,1.111,0.885,0.555,0.582,0.202,0.076
2021,Portugal,6.016,1,1.76,1.078,0.777,0.655,0.016,0.039
2021,Argentina,5.967,1,1.592,1.102,0.662,0.555,0.081,0.085
2021,Greece,5.948,1,1.703,0.98,0.774,0.249,0.015,0.108
2021,Republic of Korea,5.935,1,1.851,0.886,0.841,0.414,0.111,0.176
2021,Philippines,5.904,1,1.268,0.912,0.514,0.678,0.107,0.142
2021,Thailand,5.891,1,1.535,1.096,0.697,0.617,0.321,0.026
2021,Republic of Moldova,5.857,1,1.417,1.008,0.597,0.561,0.102,0.028
2021,Jamaica,5.85,1,1.296,1.045,0.646,0.567,0.08,0.053
2021,Kyrgyzstan,5.828,1,1.069,1.109,0.638,0.693,0.208,0.025
2021,Belarus,5.821,1,1.562,1.157,0.629,0.342,0.04,0.282
2021,Colombia,5.781,1,1.452,0.929,0.72,0.545,0.087,0.077
2021,Bosnia and Herzegovina,5.768,1,1.468,1.068,0.665,0.448,0.244,0.006
2021,Mongolia,5.761,1,1.393,1.197,0.467,0.398,0.247,0.059
2021,Dominican Republic,5.737,1,1.538,1.003,0.577,0.606,0.084,0.179
2021,Malaysia,5.711,1,1.689,0.938,0.62,0.654,0.213,0.126
2021,Bolivia,5.6,1,1.256,0.88,0.555,0.627,0.112,0.064
2021,China,5.585,1,1.508,0.958,0.705,0.656,0.099,0.142
2021,Paraguay,5.578,1,1.409,1.13,0.624,0.629,0.171,0.059
2021,Peru,5.559,0,1.397,0.865,0.735,0.545,0.09,0.037
2021,Montenegro,5.547,0,1.573,1.023,0.659,0.46,0.135,0.077
2021,Ecuador,5.533,0,1.352,0.879,0.708,0.565,0.08,0.083
2021,Viet Nam,5.485,0,1.252,0.932,0.611,0.707,0.143,0.105
2021,Turkmenistan,5.474,0,1.484,1.319,0.516,0.649,0.314,0.032
2021,North Cyprus,5.467,0,1.815,0.888,0.819,0.523,0.13,0.213
2021,Russian Federation,5.459,0,1.685,1.095,0.586,0.401,0.117,0.08
2021,Hong Kong SAR of China,5.425,0,1.957,0.954,0.942,0.4,0.147,0.383
2021,Armenia,5.399,0,1.434,0.82,0.668,0.558,0.054,0.21
2021,Tajikistan,5.377,0,0.966,1.005,0.518,0.572,0.118,0.304
2021,Nepal,5.377,0,0.984,0.784,0.499,0.519,0.237,0.13
2021,Bulgaria,5.371,0,1.625,1.163,0.64,0.563,0.123,0.021
2021,Libya,5.33,0,1.476,0.943,0.606,0.477,0.106,0.179
2021,Indonesia,5.24,0,1.382,0.883,0.539,0.62,0.468,0.047
2021,Côte d’Ivoire,5.235,0,1.094,0.442,0.322,0.451,0.149,0.124
2021,North Macedonia,5.199,0,1.505,0.863,0.637,0.488,0.215,0.031
2021,Albania,5.199,0,1.439,0.646,0.719,0.511,0.138,0.028
2021,South Africa,5.194,0,1.425,1.088,0.361,0.442,0.089,0.046
2021,Azerbaijan,5.173,0,1.458,1.093,0.56,0.601,0.023,0.341
2021,Gambia,5.164,0,0.785,0.621,0.369,0.367,0.388,0.103
2021,Bangladesh,5.155,0,1.06,0.614,0.581,0.622,0.125,0.187
2021,Lao PDR,5.14,0,1.239,0.654,0.479,0.679,0.197,0.184
2021,Algeria,5.122,0,1.363,0.97,0.643,0.146,0.106,0.15
2021,Liberia,5.122,0,0.636,0.67,0.309,0.405,0.178,0.08
2021,Ukraine,5.084,0,1.411,1.081,0.583,0.473,0.188,0.017
2021,Congo,5.075,0,0.95,0.405,0.355,0.431,0.13,0.146
2021,Morocco,5.06,0,1.208,0.268,0.565,0.492,0.02,0.102
2021,Mozambique,5.048,0,0.578,0.66,0.191,0.593,0.185,0.2
2021,Cameroon,5.048,0,0.968,0.672,0.317,0.397,0.152,0.074
2021,Senegal,5.046,0,0.933,0.53,0.447,0.494,0.143,0.081
2021,Niger,5.003,0,0.57,0.56,0.326,0.571,0.165,0.145
2021,Georgia,4.973,0,1.467,0.612,0.595,0.508,0.0,0.208
2021,Gabon,4.958,0,1.459,0.738,0.396,0.343,0.032,0.099
2021,Iraq,4.941,0,1.289,0.682,0.554,0.328,0.147,0.046
2021,Venezuela,4.925,0,0.0,0.968,0.578,0.283,0.225,0.082
2021,Guinea,4.891,0,0.848,0.566,0.275,0.334,0.214,0.116
2021,Iran,4.888,0,1.41,0.741,0.642,0.281,0.241,0.146
2021,Ghana,4.872,0,1.112,0.595,0.409,0.5,0.23,0.056
2021,Türkiye,4.744,0,1.707,0.865,0.702,0.209,0.087,0.115
2021,Burkina Faso,4.67,0,0.779,0.565,0.32,0.382,0.186,0.126
2021,Cambodia,4.64,0,1.019,0.732,0.505,0.74,0.166,0.068
2021,Benin,4.623,0,0.932,0.064,0.335,0.479,0.127,0.23
2021,Comoros,4.609,0,0.899,0.476,0.424,0.185,0.195,0.125
2021,Uganda,4.603,0,0.777,0.875,0.418,0.402,0.222,0.066
2021,Nigeria,4.552,0,1.079,0.732,0.3,0.444,0.175,0.038
2021,Kenya,4.543,0,1.032,0.605,0.401,0.44,0.322,0.082
2021,Tunisia,4.516,0,1.35,0.596,0.656,0.316,0.029,0.029
2021,Pakistan,4.516,0,1.049,0.413,0.374,0.448,0.181,0.112
2021,State of Palestine,4.483,0,1.148,0.957,0.521,0.336,0.073,0.079
2021,Mali,4.479,0,0.792,0.483,0.311,0.35,0.128,0.042
2021,Namibia,4.459,0,1.292,0.877,0.354,0.384,0.067,0.071
2021,Eswatini,4.396,0,1.274,0.786,0.197,0.259,0.038,0.154
2021,Myanmar,4.394,0,1.038,0.829,0.491,0.513,0.452,0.194
2021,Sri Lanka,4.362,0,1.415,0.934,0.66,0.529,0.15,0.079
2021,Madagascar,4.339,0,0.67,0.645,0.378,0.202,0.143,0.154
2021,Egypt,4.288,0,1.388,0.732,0.548,0.469,0.041,0.254
2021,Chad,4.251,0,0.662,0.506,0.225,0.18,0.182,0.077
2021,Ethiopia,4.241,0,0.788,0.809,0.457,0.472,0.205,0.136
2021,Yemen,4.197,0,0.691,1.043,0.384,0.33,0.09,0.098
2021,Mauritania,4.153,0,1.1,0.865,0.45,0.304,0.088,0.138
2021,Jordan,4.152,0,1.324,0.724,0.675,0.476,0.058,0.2
2021,Togo,4.112,0,0.771,0.322,0.36,0.292,0.174,0.132
2021,India,3.777,0,1.167,0.376,0.471,0.647,0.198,0.123
2021,Zambia,3.76,0,0.93,0.577,0.306,0.525,0.203,0.083
2021,Malawi,3.75,0,0.648,0.279,0.388,0.477,0.14,0.157
2021,Tanzania,3.702,0,0.848,0.597,0.425,0.578,0.248,0.27
2021,Sierra Leone,3.574,0,0.686,0.416,0.273,0.387,0.202,0.055
2021,Lesotho,3.512,0,0.839,0.848,0.0,0.419,0.076,0.018
2021,Botswana,3.471,0,1.503,0.815,0.28,0.571,0.012,0.102
2021,Rwanda,3.268,0,0.785,0.133,0.462,0.621,0.187,0.544
2021,Zimbabwe,2.995,0,0.947,0.69,0.27,0.329,0.106,0.105
2021,Lebanon,2.955,0,1.392,0.498,0.631,0.103,0.082,0.034
2021,Afghanistan,2.404,0,0.758,0.0,0.289,0.0,0.089,0.005
2022,Finland,7.804,1,1.888,1.585,0.535,0.772,0.126,0.535
2022,Denmark,7.586,1,1.949,1.548,0.537,0.734,0.208,0.525
2022,Iceland,7.53,1,1.926,1.62,0.559,0.738,0.25,0.187
2022,Israel,7.473,1,1.833,1.521,0.577,0.569,0.124,0.158
2022,Netherlands,7.403,1,1.942,1.488,0.545,0.672,0.251,0.394
2022,Sweden,7.395,1,1.921,1.51,0.562,0.754,0.225,0.52
2022,Norway,7.315,1,1.994,1.521,0.544,0.752,0.212,0.463
2022,Switzerland,7.24,1,2.022,1.463,0.582,0.678,0.151,0.475
2022,Luxembourg,7.228,1,2.2,1.357,0.549,0.71,0.149,0.418
2022,New Zealand,7.123,1,1.842,1.544,0.513,0.672,0.23,0.471
2022,Austria,7.097,1,1.927,1.382,0.535,0.63,0.191,0.31
2022,Australia,7.095,1,1.899,1.497,0.532,0.677,0.242,0.31
2022,Canada,6.961,1,1.881,1.484,0.541,0.656,0.218,0.364
2022,Ireland,6.911,1,2.152,1.425,0.539,0.656,0.186,0.409
2022,United States,6.894,1,1.98,1.46,0.39,0.557,0.21,0.172
2022,Germany,6.892,1,1.919,1.401,0.539,0.618,0.153,0.365
2022,Belgium,6.859,1,1.907,1.449,0.528,0.59,0.137,0.273
2022,Czechia,6.845,1,1.823,1.544,0.477,0.693,0.158,0.05
2022,United Kingdom,6.796,1,1.857,1.366,0.511,0.626,0.272,0.34
2022,Lithuania,6.763,1,1.808,1.511,0.432,0.487,0.059,0.089
2022,France,6.661,1,1.856,1.433,0.566,0.582,0.083,0.27
2022,Slovenia,6.65,1,1.815,1.539,0.532,0.707,0.144,0.113
2022,Costa Rica,6.609,1,1.587,1.34,0.503,0.683,0.099,0.116
2022,Romania,6.589,1,1.726,1.28,0.423,0.631,0.044,0.0
2022,Singapore,6.587,1,2.168,1.354,0.607,0.66,0.17,0.561
2022,United Arab Emirates,6.571,1,2.015,1.223,0.401,0.745,0.188,0.247
2022,Taiwan Province of China,6.535,1,1.89,1.372,0.492,0.562,0.067,0.178
2022,Uruguay,6.494,1,1.617,1.445,0.435,0.683,0.102,0.254
2022,Slovakia,6.469,1,1.731,1.544,0.472,0.494,0.128,0.022
2022,Saudi Arabia,6.463,1,1.861,1.37,0.351,0.682,0.093,0.17
2022,Estonia,6.455,1,1.798,1.526,0.494,0.728,0.153,0.372
2022,Spain,6.436,1,1.798,1.491,0.567,0.533,0.101,0.157
2022,Italy,6.405,1,1.832,1.365,0.559,0.438,0.097,0.063
2022,Kosovo,6.368,1,1.374,1.269,0.372,0.639,0.275,0.045
2022,Chile,6.334,1,1.645,1.384,0.511,0.546,0.131,0.076
2022,Mexico,6.33,1,1.55,1.169,0.389,0.632,0.086,0.115
2022,Malta,6.3,1,1.841,1.468,0.547,0.671,0.2,0.143
2022,Panama,6.265,1,1.714,1.402,0.475,0.63,0.065,0.036
2022,Poland,6.26,1,1.767,1.474,0.477,0.511,0.12,0.139
2022,Nicaragua,6.259,1,1.109,1.292,0.385,0.66,0.148,0.218
2022,Latvia,6.213,1,1.737,1.505,0.405,0.58,0.107,0.071
2022,Bahrain,6.173,1,1.883,1.269,0.389,0.748,0.199,0.138
2022,Guatemala,6.15,1,1.287,1.188,0.31,0.631,0.106,0.066
2022,Kazakhstan,6.144,1,1.664,1.491,0.389,0.628,0.136,0.149
2022,Serbia,6.144,1,1.552,1.343,0.424,0.617,0.246,0.081
2022,Cyprus,6.13,1,1.824,1.224,0.58,0.455,0.104,0.05
2022,Japan,6.129,1,1.825,1.396,0.622,0.556,0.009,0.207
2022,Croatia,6.125,1,1.727,1.455,0.475,0.5,0.087,0.003
2022,Brazil,6.125,1,1.454,1.25,0.387,0.558,0.131,0.137
2022,El Salvador,6.122,1,1.278,1.044,0.383,0.713,0.079,0.222
2022,Hungary,6.041,1,1.754,1.519,0.435,0.501,0.105,0.065
2022,Argentina,6.024,1,1.59,1.388,0.427,0.587,0.088,0.082
2022,Honduras,6.023,1,1.115,1.072,0.341,0.613,0.189,0.062
2022,Uzbekistan,6.014,1,1.227,1.347,0.375,0.74,0.26,0.208
2022,Malaysia,6.012,1,1.665,1.155,0.385,0.659,0.222,0.122
2022,Portugal,5.968,1,1.758,1.356,0.537,0.693,0.031,0.037
2022,Republic of Korea,5.951,1,1.853,1.188,0.603,0.446,0.112,0.163
2022,Greece,5.931,1,1.708,1.247,0.535,0.248,0.008,0.097
2022,Mauritius,5.902,1,1.589,1.382,0.336,0.574,0.121,0.11
2022,Thailand,5.843,1,1.515,1.344,0.461,0.624,0.291,0.013
2022,Mongolia,5.84,1,1.379,1.494,0.244,0.425,0.239,0.058
2022,Kyrgyzstan,5.825,1,1.061,1.439,0.417,0.735,0.234,0.018
2022,Republic of Moldova,5.819,1,1.425,1.302,0.375,0.61,0.093,0.02
2022,China,5.818,1,1.51,1.249,0.468,0.666,0.115,0.145
2022,Viet Nam,5.763,1,1.349,1.212,0.381,0.741,0.134,0.122
2022,Paraguay,5.738,1,1.428,1.427,0.392,0.678,0.148,0.062
2022,Montenegro,5.722,1,1.537,1.385,0.424,0.563,0.17,0.061
2022,Jamaica,5.703,1,1.305,1.329,0.411,0.587,0.079,0.039
2022,Bolivia,5.684,0,1.24,1.187,0.329,0.648,0.103,0.06
2022,Russian Federation,5.661,0,1.68,1.383,0.366,0.449,0.12,0.091
2022,Bosnia and Herzegovina,5.633,0,1.467,1.361,0.429,0.485,0.247,0.008
2022,Colombia,5.63,0,1.455,1.213,0.486,0.562,0.08,0.068
2022,Dominican Republic,5.569,0,1.536,1.227,0.351,0.623,0.083,0.195
2022,Ecuador,5.559,0,1.343,1.173,0.476,0.56,0.079,0.069
2022,Peru,5.526,0,1.39,1.153,0.499,0.549,0.073,0.027
2022,Philippines,5.523,0,1.238,1.108,0.286,0.714,0.104,0.141
2022,Bulgaria,5.466,0,1.635,1.457,0.408,0.557,0.106,0.013
2022,Nepal,5.36,0,0.979,1.027,0.281,0.567,0.215,0.104
2022,Armenia,5.342,0,1.466,1.134,0.443,0.551,0.053,0.16
2022,Tajikistan,5.33,0,0.972,1.248,0.291,0.599,0.104,0.292
2022,Algeria,5.329,0,1.353,1.298,0.409,0.252,0.073,0.152
2022,Hong Kong SAR of China,5.308,0,1.951,1.201,0.702,0.407,0.123,0.39
2022,Albania,5.277,0,1.449,0.951,0.48,0.549,0.133,0.037
2022,Indonesia,5.277,0,1.384,1.169,0.314,0.663,0.422,0.038
2022,South Africa,5.275,0,1.417,1.428,0.149,0.464,0.09,0.019
2022,Congo,5.267,0,0.921,0.665,0.145,0.464,0.134,0.136
2022,North Macedonia,5.254,0,1.498,1.171,0.408,0.515,0.207,0.02
2022,Venezuela,5.211,0,0.0,1.257,0.341,0.369,0.205,0.084
2022,Lao PDR,5.111,0,1.232,0.853,0.257,0.715,0.185,0.162
2022,Georgia,5.109,0,1.477,0.947,0.366,0.539,0.0,0.201
2022,Guinea,5.072,0,0.844,0.776,0.072,0.369,0.204,0.102
2022,Ukraine,5.071,0,1.358,1.354,0.355,0.551,0.265,0.016
2022,Côte d’Ivoire,5.053,0,1.094,0.584,0.12,0.467,0.138,0.131
2022,Gabon,5.035,0,1.438,1.021,0.183,0.346,0.036,0.102
2022,Nigeria,4.981,0,1.065,1.007,0.092,0.448,0.176,0.013
2022,Cameroon,4.973,0,0.965,0.871,0.118,0.405,0.144,0.059
2022,Mozambique,4.954,0,0.57,0.885,0.0,0.625,0.161,0.192
2022,Iraq,4.941,0,1.281,0.953,0.324,0.351,0.134,0.038
2022,Morocco,4.903,0,1.236,0.535,0.337,0.54,0.013,0.085
2022,Iran,4.876,0,1.465,1.102,0.411,0.281,0.229,0.13
2022,Senegal,4.855,0,0.943,0.727,0.231,0.519,0.142,0.06
2022,Mauritania,4.724,0,1.099,0.764,0.244,0.32,0.13,0.195
2022,Burkina Faso,4.638,0,0.768,0.814,0.107,0.419,0.188,0.113
2022,Namibia,4.631,0,1.289,1.126,0.145,0.383,0.069,0.071
2022,Türkiye,4.614,0,1.714,1.148,0.467,0.125,0.095,0.096
2022,Ghana,4.605,0,1.101,0.756,0.197,0.526,0.211,0.035
2022,Pakistan,4.555,0,1.081,0.657,0.158,0.511,0.141,0.102
2022,Niger,4.501,0,0.561,0.628,0.137,0.54,0.154,0.14
2022,Tunisia,4.497,0,1.333,0.981,0.422,0.259,0.022,0.016
2022,Kenya,4.487,0,1.051,0.881,0.19,0.418,0.291,0.055
2022,Sri Lanka,4.442,0,1.422,1.224,0.426,0.539,0.12,0.086
2022,Uganda,4.432,0,0.785,1.144,0.201,0.425,0.197,0.051
2022,Chad,4.397,0,0.622,0.962,0.043,0.393,0.255,0.088
2022,Cambodia,4.393,0,1.025,1.024,0.283,0.768,0.176,0.051
2022,Benin,4.374,0,0.924,0.242,0.124,0.481,0.114,0.253
2022,Myanmar,4.372,0,1.032,1.125,0.269,0.46,0.4,0.194
2022,Bangladesh,4.282,0,1.133,0.513,0.355,0.617,0.139,0.165
2022,Gambia,4.279,0,0.761,0.614,0.174,0.286,0.332,0.033
2022,Mali,4.198,0,0.763,0.637,0.106,0.441,0.121,0.059
2022,Egypt,4.17,0,1.377,0.972,0.326,0.467,0.038,0.25
2022,Togo,4.137,0,0.77,0.642,0.161,0.367,0.149,0.136
2022,Jordan,4.12,0,1.292,0.98,0.438,0.517,0.056,0.173
2022,Ethiopia,4.091,0,0.793,1.114,0.25,0.451,0.283,0.101
2022,Liberia,4.042,0,0.628,0.644,0.141,0.471,0.219,0.071
2022,India,4.036,0,1.159,0.674,0.252,0.685,0.175,0.111
2022,Madagascar,4.019,0,0.632,0.779,0.178,0.187,0.177,0.134
2022,Zambia,3.982,0,0.914,0.89,0.095,0.545,0.189,0.08
2022,Tanzania,3.694,0,0.836,0.787,0.214,0.607,0.234,0.269
2022,Comoros,3.545,0,0.914,0.327,0.215,0.117,0.129,0.145
2022,Malawi,3.495,0,0.637,0.479,0.189,0.49,0.139,0.129
2022,Botswana,3.435,0,1.471,1.041,0.087,0.48,0.021,0.071
2022,DR Congo,3.207,0,0.531,0.784,0.105,0.375,0.183,0.068
2022,Zimbabwe,3.204,0,0.758,0.881,0.069,0.363,0.112,0.117
2022,Sierra Leone,3.138,0,0.67,0.54,0.092,0.371,0.193,0.051
2022,Lebanon,2.392,0,1.417,0.476,0.398,0.123,0.061,0.027
2022,Afghanistan,1.859,0,0.645,0.0,0.087,0.0,0.093,0.059
2023,Finland,7.741,1,1.844,1.572,0.695,0.859,0.142,0.546
2023,Denmark,7.583,1,1.908,1.52,0.699,0.823,0.204,0.548
2023,Iceland,7.525,1,1.881,1.617,0.718,0.819,0.258,0.182
2023,Sweden,7.344,1,1.878,1.501,0.724,0.838,0.221,0.524
2023,Israel,7.341,1,1.803,1.513,0.74,0.641,0.153,0.193
2023,Netherlands,7.319,1,1.901,1.462,0.706,0.725,0.247,0.372
2023,Norway,7.302,1,1.952,1.517,0.704,0.835,0.224,0.484
2023,Luxembourg,7.122,1,2.141,1.355,0.708,0.801,0.146,0.432
2023,Switzerland,7.06,1,1.97,1.425,0.747,0.759,0.173,0.498
2023,Australia,7.057,1,1.854,1.461,0.692,0.756,0.225,0.323
2023,New Zealand,7.029,1,1.81,1.527,0.673,0.746,0.226,0.48
2023,Costa Rica,6.955,1,1.561,1.373,0.661,0.797,0.109,0.123
2023,Kuwait,6.951,1,1.845,1.364,0.661,0.827,0.2,0.172
2023,Austria,6.905,1,1.885,1.336,0.696,0.703,0.214,0.305
2023,Canada,6.9,1,1.84,1.459,0.701,0.73,0.23,0.368
2023,Belgium,6.894,1,1.868,1.44,0.69,0.729,0.17,0.311
2023,Ireland,6.838,1,2.129,1.39,0.7,0.758,0.205,0.418
2023,Czechia,6.822,1,1.783,1.511,0.638,0.787,0.177,0.068
2023,Lithuania,6.818,1,1.766,1.454,0.598,0.533,0.044,0.116
2023,United Kingdom,6.749,1,1.822,1.326,0.672,0.713,0.267,0.351
2023,Slovenia,6.743,1,1.786,1.502,0.695,0.789,0.157,0.131
2023,United Arab Emirates,6.733,1,1.983,1.164,0.563,0.815,0.209,0.258
2023,United States,6.725,1,1.939,1.392,0.542,0.586,0.223,0.169
2023,Germany,6.719,1,1.871,1.39,0.702,0.7,0.174,0.368
2023,Mexico,6.678,1,1.521,1.241,0.544,0.722,0.086,0.127
2023,Uruguay,6.611,1,1.596,1.431,0.592,0.775,0.106,0.22
2023,France,6.609,1,1.818,1.348,0.727,0.65,0.112,0.281
2023,Saudi Arabia,6.594,1,1.842,1.361,0.511,0.787,0.114,0.188
2023,Kosovo,6.561,1,1.364,1.277,0.599,0.739,0.254,0.073
2023,Singapore,6.523,1,2.118,1.361,0.769,0.743,0.168,0.575
2023,Taiwan Province of China,6.503,1,1.842,1.346,0.65,0.649,0.068,0.202
2023,Romania,6.491,1,1.699,1.236,0.583,0.717,0.041,0.006
2023,El Salvador,6.469,1,1.265,1.08,0.549,0.816,0.083,0.253
2023,Estonia,6.448,1,1.752,1.527,0.657,0.805,0.166,0.401
2023,Poland,6.442,1,1.738,1.417,0.639,0.6,0.081,0.175
2023,Spain,6.421,1,1.766,1.471,0.729,0.619,0.119,0.177
2023,Serbia,6.411,1,1.538,1.391,0.585,0.663,0.2,0.101
2023,Chile,6.36,1,1.616,1.369,0.673,0.651,0.117,0.075
2023,Panama,6.358,1,1.702,1.392,0.633,0.72,0.063,0.043
2023,Malta,6.346,1,1.827,1.444,0.707,0.727,0.25,0.125
2023,Italy,6.324,1,1.8,1.328,0.72,0.513,0.112,0.074
2023,Guatemala,6.287,1,1.26,1.169,0.467,0.735,0.105,0.078
2023,Nicaragua,6.284,1,1.097,1.263,0.542,0.793,0.133,0.251
2023,Brazil,6.272,1,1.43,1.269,0.548,0.685,0.13,0.142
2023,Slovakia,6.257,1,1.706,1.54,0.638,0.566,0.096,0.058
2023,Latvia,6.234,1,1.7,1.508,0.564,0.666,0.127,0.078
2023,Uzbekistan,6.195,1,1.212,1.394,0.539,0.835,0.251,0.215
2023,Argentina,6.188,1,1.562,1.381,0.585,0.681,0.087,0.08
2023,Kazakhstan,6.188,1,1.622,1.457,0.556,0.733,0.149,0.12
2023,Cyprus,6.068,1,1.794,1.217,0.744,0.529,0.124,0.049
2023,Japan,6.06,1,1.786,1.354,0.785,0.632,0.023,0.219
2023,Republic of Korea,6.058,1,1.815,1.178,0.77,0.555,0.126,0.158
2023,Philippines,6.048,1,1.232,1.146,0.441,0.826,0.099,0.136
2023,Viet Nam,6.043,1,1.331,1.267,0.539,0.843,0.094,0.16
2023,Portugal,6.03,1,1.728,1.368,0.699,0.757,0.047,0.035
2023,Hungary,6.017,1,1.722,1.528,0.596,0.581,0.123,0.067
2023,Paraguay,5.977,1,1.398,1.408,0.549,0.788,0.131,0.065
2023,Thailand,5.976,1,1.484,1.347,0.62,0.756,0.283,0.024
2023,Malaysia,5.975,1,1.646,1.143,0.54,0.829,0.226,0.119
2023,China,5.973,1,1.497,1.239,0.629,0.704,0.132,0.164
2023,Honduras,5.968,1,1.091,1.035,0.502,0.72,0.175,0.081
2023,Croatia,5.942,1,1.71,1.445,0.637,0.469,0.064,0.043
2023,Greece,5.934,1,1.684,1.276,0.696,0.337,0.018,0.093
2023,Bosnia and Herzegovina,5.877,1,1.465,1.318,0.587,0.621,0.246,0.0
2023,Libya,5.866,1,1.526,1.1,0.55,0.592,0.111,0.204
2023,Jamaica,5.842,1,1.28,1.324,0.567,0.647,0.089,0.028
2023,Peru,5.841,1,1.371,1.18,0.662,0.615,0.078,0.029
2023,Dominican Republic,5.823,1,1.517,1.272,0.511,0.73,0.086,0.196
2023,Mauritius,5.816,1,1.57,1.358,0.49,0.641,0.123,0.118
2023,Republic of Moldova,5.816,1,1.385,1.277,0.542,0.695,0.077,0.044
2023,Russian Federation,5.785,0,1.642,1.351,0.531,0.551,0.138,0.121
2023,Bolivia,5.784,0,1.217,1.179,0.488,0.719,0.1,0.061
2023,Ecuador,5.725,0,1.315,1.151,0.64,0.606,0.087,0.078
2023,Kyrgyzstan,5.714,0,1.054,1.477,0.588,0.834,0.225,0.03
2023,Montenegro,5.707,0,1.571,1.318,0.587,0.632,0.11,0.132
2023,Mongolia,5.696,0,1.353,1.511,0.4,0.501,0.237,0.055
2023,Colombia,5.695,0,1.437,1.241,0.648,0.644,0.072,0.059
2023,Venezuela,5.607,0,0.0,1.321,0.491,0.518,0.192,0.086
2023,Indonesia,5.568,0,1.361,1.184,0.472,0.779,0.399,0.055
2023,Bulgaria,5.463,0,1.629,1.469,0.567,0.62,0.083,0.006
2023,Armenia,5.455,0,1.444,1.154,0.603,0.65,0.051,0.173
2023,South Africa,5.422,0,1.389,1.369,0.322,0.537,0.078,0.034
2023,North Macedonia,5.369,0,1.475,1.277,0.569,0.58,0.194,0.015
2023,Algeria,5.364,0,1.324,1.191,0.568,0.247,0.091,0.2
2023,Hong Kong SAR of China,5.316,0,1.909,1.184,0.857,0.485,0.147,0.402
2023,Albania,5.304,0,1.438,0.924,0.638,0.69,0.138,0.049
2023,Congo,5.221,0,0.892,0.622,0.306,0.523,0.124,0.138
2023,Mozambique,5.216,0,0.56,0.883,0.156,0.728,0.158,0.196
2023,Georgia,5.185,0,1.467,0.99,0.524,0.68,0.0,0.174
2023,Iraq,5.166,0,1.249,0.996,0.498,0.425,0.141,0.048
2023,Nepal,5.158,0,0.965,0.99,0.443,0.653,0.209,0.115
2023,Lao PDR,5.139,0,1.208,0.846,0.423,0.796,0.17,0.167
2023,Gabon,5.106,0,1.403,1.038,0.344,0.516,0.045,0.1
2023,Côte d’Ivoire,5.08,0,1.08,0.578,0.288,0.547,0.12,0.164
2023,Guinea,5.023,0,0.831,0.622,0.236,0.521,0.21,0.107
2023,Türkiye,4.975,0,1.702,1.175,0.631,0.202,0.068,0.115
2023,Senegal,4.969,0,0.927,0.751,0.392,0.607,0.152,0.069
2023,Iran,4.923,0,1.435,1.136,0.571,0.366,0.235,0.123
2023,Azerbaijan,4.893,0,1.433,0.876,0.496,0.668,0.112,0.199
2023,Nigeria,4.881,0,1.042,1.075,0.256,0.566,0.201,0.019
2023,Cameroon,4.874,0,0.943,0.856,0.288,0.521,0.126,0.06
2023,Ukraine,4.873,0,1.35,1.315,0.513,0.631,0.285,0.025
2023,Namibia,4.832,0,1.266,1.212,0.307,0.47,0.069,0.061
2023,Morocco,4.795,0,1.213,0.471,0.495,0.631,0.042,0.082
2023,Pakistan,4.657,0,1.069,0.6,0.321,0.542,0.144,0.074
2023,Niger,4.556,0,0.573,0.677,0.293,0.615,0.145,0.147
2023,Burkina Faso,4.548,0,0.756,0.685,0.274,0.483,0.173,0.179
2023,Mauritania,4.505,0,1.078,0.705,0.4,0.343,0.133,0.198
2023,Gambia,4.485,0,0.75,0.684,0.33,0.459,0.324,0.048
2023,Chad,4.471,0,0.603,0.805,0.199,0.411,0.218,0.113
2023,Kenya,4.47,0,1.037,0.895,0.353,0.519,0.282,0.069
2023,Tunisia,4.422,0,1.306,0.955,0.579,0.254,0.024,0.018
2023,Benin,4.377,0,0.914,0.128,0.284,0.567,0.112,0.252
2023,Uganda,4.372,0,0.772,1.151,0.373,0.587,0.178,0.054
2023,Myanmar,4.354,0,0.978,0.988,0.436,0.45,0.401,0.174
2023,Cambodia,4.341,0,1.011,1.019,0.442,0.863,0.17,0.071
2023,Ghana,4.289,0,1.077,0.747,0.36,0.623,0.183,0.028
2023,Liberia,4.269,0,0.619,0.673,0.301,0.546,0.178,0.075
2023,Mali,4.232,0,0.747,0.688,0.267,0.586,0.12,0.09
2023,Madagascar,4.228,0,0.628,0.823,0.333,0.25,0.172,0.123
2023,Togo,4.214,0,0.758,0.586,0.32,0.453,0.127,0.156
2023,Jordan,4.186,0,1.262,0.983,0.594,0.593,0.059,0.189
2023,India,4.054,0,1.166,0.653,0.417,0.767,0.174,0.122
2023,Egypt,3.977,0,1.37,0.996,0.488,0.49,0.025,0.259
2023,Sri Lanka,3.898,0,1.361,1.179,0.586,0.583,0.144,0.031
2023,Bangladesh,3.886,0,1.122,0.249,0.513,0.775,0.14,0.167
2023,Ethiopia,3.861,0,0.792,0.915,0.42,0.441,0.27,0.101
2023,Tanzania,3.781,0,0.82,0.706,0.38,0.709,0.191,0.257
2023,Comoros,3.566,0,0.896,0.328,0.37,0.172,0.128,0.16
2023,Yemen,3.561,0,0.671,1.281,0.293,0.362,0.08,0.113
2023,Zambia,3.502,0,0.899,0.809,0.264,0.727,0.168,0.109
2023,Eswatini,3.502,0,1.255,0.925,0.176,0.284,0.059,0.116
2023,Malawi,3.421,0,0.617,0.41,0.349,0.571,0.135,0.136
2023,Botswana,3.383,0,1.445,0.969,0.241,0.567,0.014,0.082
2023,Zimbabwe,3.341,0,0.748,0.85,0.232,0.487,0.096,0.131
2023,DR Congo,3.295,0,0.534,0.665,0.262,0.473,0.189,0.072
2023,Sierra Leone,3.245,0,0.654,0.566,0.253,0.469,0.181,0.053
2023,Lesotho,3.186,0,0.771,0.851,0.0,0.523,0.082,0.085
2023,Lebanon,2.707,0,1.377,0.577,0.556,0.173,0.068,0.029
2023,Afghanistan,1.721,0,0.628,0.0,0.242,0.0,0.091,0.088
2024,Finland,7.736,1,1.749,1.783,0.824,0.986,0.11,0.502
2024,Denmark,7.521,1,1.825,1.748,0.82,0.955,0.15,0.488
2024,Iceland,7.515,1,1.799,1.84,0.873,0.971,0.201,0.173
2024,Sweden,7.345,1,1.783,1.698,0.889,0.952,0.17,0.467
2024,Netherlands,7.306,1,1.822,1.667,0.844,0.86,0.186,0.344
2024,Costa Rica,7.274,1,1.492,1.6,0.68,0.948,0.067,0.118
2024,Norway,7.262,1,1.902,1.711,0.863,0.962,0.168,0.425
2024,Israel,7.234,1,1.695,1.743,0.824,0.74,0.144,0.193
2024,Luxembourg,7.122,1,2.028,1.558,0.864,0.931,0.117,0.397
2024,Mexico,6.979,1,1.435,1.504,0.55,0.879,0.057,0.118
2024,Australia,6.974,1,1.767,1.647,0.841,0.857,0.164,0.285
2024,New Zealand,6.952,1,1.698,1.712,0.815,0.861,0.167,0.429
2024,Switzerland,6.935,1,1.87,1.622,0.883,0.889,0.156,0.468
2024,Belgium,6.91,1,1.783,1.646,0.852,0.895,0.119,0.306
2024,Ireland,6.889,1,1.988,1.659,0.823,0.906,0.179,0.382
2024,Lithuania,6.829,1,1.684,1.699,0.592,0.702,0.031,0.123
2024,Austria,6.81,1,1.791,1.592,0.814,0.856,0.179,0.28
2024,Canada,6.803,1,1.749,1.647,0.832,0.813,0.168,0.323
2024,Slovenia,6.792,1,1.692,1.718,0.802,0.961,0.121,0.113
2024,Czechia,6.775,1,1.692,1.716,0.658,0.916,0.118,0.084
2024,United Arab Emirates,6.759,1,1.812,1.294,0.659,0.934,0.165,0.235
2024,Germany,6.753,1,1.785,1.625,0.776,0.858,0.148,0.351
2024,United Kingdom,6.728,1,1.725,1.562,0.779,0.872,0.211,0.318
2024,United States,6.724,1,1.839,1.614,0.604,0.644,0.171,0.161
2024,Belize,6.711,1,1.256,1.54,0.525,1.018,0.072,0.082
2024,Poland,6.673,1,1.666,1.595,0.63,0.79,0.021,0.169
2024,Taiwan Province of China,6.669,1,1.73,1.583,0.817,0.76,0.057,0.187
2024,Uruguay,6.661,1,1.554,1.654,0.523,0.913,0.078,0.197
2024,Kosovo,6.659,1,1.281,1.454,0.896,0.893,0.201,0.087
2024,Kuwait,6.629,1,1.691,1.481,0.766,0.934,0.143,0.167
2024,Serbia,6.606,1,1.489,1.62,0.545,0.767,0.131,0.107
2024,Saudi Arabia,6.6,1,1.743,1.566,0.714,0.915,0.105,0.187
2024,France,6.593,1,1.733,1.535,0.832,0.743,0.099,0.264
2024,Singapore,6.565,1,2.022,1.565,0.935,0.856,0.164,0.522
2024,Romania,6.563,1,1.636,1.401,0.561,0.847,0.028,0.015
2024,Brazil,6.494,1,1.391,1.519,0.48,0.83,0.089,0.127
2024,El Salvador,6.492,1,1.222,1.228,0.559,0.955,0.054,0.264
2024,Spain,6.466,1,1.69,1.685,0.894,0.734,0.112,0.18
2024,Estonia,6.417,1,1.65,1.716,0.642,0.902,0.128,0.378
2024,Italy,6.415,1,1.724,1.526,0.852,0.641,0.082,0.071
2024,Panama,6.407,1,1.594,1.6,0.717,0.876,0.041,0.042
2024,Argentina,6.397,1,1.504,1.622,0.579,0.824,0.048,0.083
2024,Kazakhstan,6.378,1,1.586,1.688,0.504,0.878,0.111,0.118
2024,Guatemala,6.362,1,1.249,1.33,0.376,0.882,0.075,0.085
2024,Chile,6.361,1,1.537,1.577,0.711,0.779,0.093,0.085
2024,Viet Nam,6.352,1,1.278,1.533,0.631,1.012,0.039,0.174
2024,Nicaragua,6.33,1,1.084,1.47,0.646,0.912,0.103,0.271
2024,Malta,6.316,1,1.76,1.671,0.837,0.837,0.217,0.115
2024,Thailand,6.222,1,1.426,1.551,0.633,0.927,0.223,0.039
2024,Slovakia,6.221,1,1.629,1.762,0.547,0.704,0.058,0.07
2024,Latvia,6.207,1,1.619,1.711,0.503,0.789,0.108,0.082
2024,Uzbekistan,6.193,1,1.179,1.615,0.654,0.977,0.195,0.208
2024,Paraguay,6.172,1,1.329,1.615,0.291,0.921,0.097,0.063
2024,Japan,6.147,1,1.678,1.55,0.921,0.746,0.014,0.2
2024,Bosnia and Herzegovina,6.136,1,1.405,1.545,0.616,0.749,0.178,0.009
2024,Philippines,6.107,1,1.177,1.385,0.315,0.966,0.075,0.11
2024,Republic of Korea,6.038,1,1.709,1.357,0.903,0.678,0.1,0.139
2024,Bahrain,6.03,1,1.752,1.391,0.609,0.907,0.148,0.167
2024,Portugal,6.013,1,1.646,1.56,0.822,0.879,0.04,0.034
2024,Colombia,6.004,1,1.38,1.513,0.587,0.777,0.039,0.051
2024,Ecuador,5.965,1,1.299,1.32,0.702,0.712,0.058,0.066
2024,Honduras,5.964,1,1.036,1.187,0.436,0.862,0.134,0.079
2024,Malaysia,5.955,1,1.571,1.315,0.446,0.991,0.181,0.11
2024,Peru,5.947,1,1.323,1.364,0.551,0.71,0.05,0.021
2024,Russian Federation,5.945,1,1.63,1.549,0.47,0.702,0.095,0.125
2024,Cyprus,5.942,1,1.72,1.348,0.84,0.612,0.108,0.041
2024,China,5.921,1,1.445,1.307,0.789,0.764,0.079,0.154
2024,Hungary,5.915,1,1.638,1.742,0.587,0.681,0.099,0.057
2024,Trinidad and Tobago,5.905,1,1.549,1.532,0.419,0.76,0.111,0.001
2024,Montenegro,5.877,1,1.507,1.551,0.618,0.768,0.075,0.138
2024,Croatia,5.87,1,1.644,1.673,0.669,0.478,0.022,0.065
2024,Jamaica,5.87,1,1.182,1.545,0.504,0.869,0.075,0.019
2024,Bolivia,5.868,0,1.173,1.356,0.346,0.817,0.067,0.052
2024,Kyrgyzstan,5.858,0,1.032,1.715,0.647,0.981,0.169,0.053
2024,Dominican Republic,5.846,0,1.457,1.5,0.615,0.866,0.063,0.186
2024,Mongolia,5.833,0,1.336,1.731,0.423,0.629,0.18,0.053
2024,Mauritius,5.832,0,1.499,1.521,0.617,0.761,0.095,0.13
2024,Libya,5.82,0,1.247,1.309,0.549,0.724,0.111,0.214
2024,Republic of Moldova,5.819,0,1.332,1.43,0.414,0.83,0.054,0.037
2024,Greece,5.776,0,1.608,1.438,0.725,0.396,0.003,0.063
2024,Venezuela,5.683,0,0.0,1.493,0.515,0.702,0.154,0.117
2024,Indonesia,5.617,0,1.288,1.372,0.454,0.918,0.323,0.044
2024,Algeria,5.571,0,1.315,1.363,0.782,0.522,0.057,0.219
2024,Bulgaria,5.554,0,1.573,1.725,0.463,0.708,0.055,0.0
2024,North Macedonia,5.503,0,1.458,1.537,0.544,0.637,0.13,0.007
2024,Armenia,5.494,0,1.391,1.349,0.828,0.786,0.032,0.158
2024,Hong Kong SAR of China,5.491,0,1.79,1.41,0.948,0.674,0.116,0.386
2024,Albania,5.411,0,1.371,1.122,0.696,0.841,0.103,0.057
2024,Georgia,5.4,0,1.444,1.275,0.482,0.844,0.0,0.172
2024,Nepal,5.311,0,0.944,1.21,0.463,0.764,0.155,0.099
2024,Lao PDR,5.301,0,1.122,1.01,0.493,0.916,0.145,0.164
2024,Türkiye,5.262,0,1.582,1.444,0.626,0.244,0.04,0.104
2024,South Africa,5.213,0,1.283,1.465,0.142,0.676,0.064,0.043
2024,Mozambique,5.19,0,0.559,1.131,0.124,0.813,0.127,0.173
2024,Gabon,5.12,0,1.386,1.224,0.387,0.651,0.042,0.086
2024,Côte d’Ivoire,5.102,0,1.038,0.76,0.206,0.661,0.1,0.162
2024,Iran,5.093,0,1.33,1.367,0.609,0.456,0.202,0.122
2024,Congo,5.03,0,1.023,0.796,0.336,0.626,0.082,0.126
2024,Iraq,4.976,0,1.261,1.275,0.589,0.503,0.1,0.069
2024,Guinea,4.929,0,0.873,0.791,0.306,0.676,0.157,0.098
2024,Namibia,4.911,0,1.182,1.482,0.104,0.564,0.052,0.056
2024,Cameroon,4.887,0,0.944,0.986,0.302,0.662,0.099,0.06
2024,Nigeria,4.885,0,0.989,1.245,0.38,0.639,0.17,0.028
2024,Azerbaijan,4.875,0,1.428,1.03,0.707,0.785,0.076,0.179
2024,Senegal,4.856,0,0.907,0.977,0.433,0.767,0.129,0.09
2024,Pakistan,4.768,0,0.982,0.759,0.417,0.529,0.136,0.046
2024,Niger,4.725,0,0.606,0.796,0.258,0.759,0.122,0.137
2024,Ukraine,4.68,0,1.328,1.472,0.472,0.689,0.245,0.023
2024,Morocco,4.622,0,1.139,0.635,0.585,0.748,0.031,0.095
2024,Tunisia,4.552,0,1.257,1.224,0.459,0.382,0.032,0.05
2024,Mauritania,4.542,0,1.023,0.919,0.516,0.454,0.113,0.195
2024,Kenya,4.51,0,0.994,1.047,0.448,0.649,0.22,0.073
2024,Uganda,4.461,0,0.762,1.342,0.396,0.751,0.148,0.05
2024,Gambia,4.423,0,0.778,0.958,0.348,0.611,0.255,0.045
2024,India,4.389,0,1.149,0.86,0.316,0.914,0.141,0.12
2024,Chad,4.384,0,0.592,0.902,0.242,0.477,0.175,0.111
2024,Burkina Faso,4.383,0,0.724,0.828,0.296,0.671,0.142,0.218
2024,Benin,4.357,0,0.855,0.228,0.357,0.679,0.092,0.238
2024,Somalia,4.347,0,0.535,0.877,0.046,0.916,0.206,0.192
2024,Mali,4.345,0,0.709,0.908,0.318,0.767,0.093,0.114
2024,Cambodia,4.341,0,1.049,1.215,0.481,0.988,0.138,0.078
2024,Ghana,4.34,0,1.053,1.01,0.438,0.771,0.139,0.025
2024,Myanmar,4.321,0,0.975,1.144,0.446,0.569,0.322,0.163
2024,Togo,4.315,0,0.757,0.736,0.378,0.576,0.097,0.153
2024,Jordan,4.31,0,1.158,1.202,0.573,0.7,0.051,0.164
2024,Liberia,4.277,0,0.582,0.888,0.324,0.653,0.143,0.068
2024,Madagascar,4.157,0,0.588,0.938,0.341,0.292,0.131,0.118
2024,Zambia,3.912,0,0.848,1.013,0.233,0.872,0.131,0.107
2024,Ethiopia,3.898,0,0.757,1.051,0.416,0.54,0.182,0.1
2024,Sri Lanka,3.891,0,1.271,1.308,0.567,0.696,0.121,0.025
2024,Bangladesh,3.851,0,1.116,0.286,0.592,0.92,0.11,0.132
2024,Egypt,3.817,0,1.347,1.075,0.473,0.593,0.018,0.103
2024,Tanzania,3.8,0,0.847,0.908,0.411,0.858,0.153,0.243
2024,Eswatini,3.774,0,1.183,1.152,0.038,0.428,0.054,0.13
2024,Lesotho,3.757,0,0.737,1.131,0.0,0.606,0.065,0.072
2024,Comoros,3.754,0,0.835,0.501,0.428,0.26,0.117,0.164
2024,Yemen,3.561,0,0.631,1.482,0.375,0.447,0.066,0.106
2024,DR Congo,3.469,0,0.544,0.929,0.278,0.6,0.151,0.061
2024,Botswana,3.438,0,1.388,1.146,0.094,0.697,0.018,0.083
2024,Zimbabwe,3.396,0,0.827,0.961,0.178,0.598,0.065,0.131
2024,Malawi,3.26,0,0.588,0.489,0.28,0.677,0.115,0.136
2024,Lebanon,3.188,0,1.223,0.984,0.44,0.279,0.071,0.041
2024,Sierra Leone,2.998,0,0.786,0.692,0.327,0.613,0.138,0.052
2024,Afghanistan,1.364,0,0.649,0.0,0.155,0.0,0.075,0.135
2025,Finland,7.764,1,1.915,1.638,0.939,1.105,0.093,0.491
2025,Iceland,7.54,1,1.971,1.72,0.996,1.105,0.187,0.187
2025,Denmark,7.539,1,1.986,1.633,0.93,1.081,0.125,0.474
2025,Costa Rica,7.439,1,1.697,1.483,0.739,1.101,0.059,0.122
2025,Sweden,7.255,1,1.95,1.57,1.027,1.07,0.149,0.447
2025,Norway,7.242,1,2.057,1.626,0.983,1.092,0.157,0.413
2025,Netherlands,7.223,1,1.983,1.539,0.922,1.0,0.175,0.349
2025,Israel,7.187,1,1.867,1.606,0.925,0.863,0.139,0.196
2025,Luxembourg,7.063,1,2.162,1.465,0.981,1.056,0.111,0.382
2025,Switzerland,7.018,1,2.028,1.534,1.017,1.035,0.148,0.452
2025,New Zealand,6.995,1,1.876,1.58,0.924,1.034,0.155,0.422
2025,Mexico,6.972,1,1.636,1.366,0.631,1.015,0.056,0.128
2025,Ireland,6.928,1,2.146,1.558,0.936,1.032,0.172,0.364
2025,Belgium,6.926,1,1.951,1.52,0.988,0.99,0.107,0.296
2025,Australia,6.916,1,1.937,1.497,0.956,0.989,0.159,0.294
2025,Kosovo,6.91,1,1.535,1.293,0.907,1.045,0.186,0.082
2025,Germany,6.882,1,1.948,1.49,0.876,0.948,0.145,0.349
2025,Slovenia,6.868,1,1.872,1.594,0.913,1.097,0.108,0.108
2025,Austria,6.845,1,1.954,1.474,0.926,0.979,0.171,0.285
2025,Czechia,6.821,1,1.869,1.594,0.72,1.045,0.106,0.081
2025,United Arab Emirates,6.821,1,1.98,1.096,0.71,1.071,0.149,0.228
2025,Saudi Arabia,6.817,1,1.949,1.412,0.831,1.042,0.096,0.196
2025,United States,6.816,1,2.002,1.516,0.678,0.776,0.155,0.155
2025,Poland,6.768,1,1.851,1.479,0.693,0.945,0.023,0.177
2025,Canada,6.741,1,1.917,1.525,0.955,0.948,0.153,0.321
2025,Taiwan Province of China,6.714,1,1.959,1.446,0.933,0.879,0.107,0.179
2025,Belize,6.711,1,1.471,1.42,0.609,1.146,0.07,0.08
2025,Lithuania,6.704,1,1.863,1.555,0.653,0.891,0.049,0.113
2025,United Kingdom,6.694,1,1.896,1.458,0.888,0.962,0.191,0.291
2025,Serbia,6.691,1,1.696,1.543,0.58,0.913,0.124,0.096
2025,Uruguay,6.635,1,1.748,1.54,0.525,1.054,0.07,0.194
2025,Brazil,6.634,1,1.602,1.396,0.508,0.964,0.081,0.122
2025,Kazakhstan,6.633,1,1.782,1.599,0.552,0.982,0.117,0.104
2025,Romania,6.629,1,1.818,1.233,0.608,0.965,0.03,0.034
2025,France,6.586,1,1.907,1.435,0.95,0.83,0.09,0.24
2025,Singapore,6.585,1,2.167,1.471,1.059,0.98,0.145,0.512
2025,El Salvador,6.578,1,1.448,1.086,0.633,1.089,0.047,0.289
2025,Italy,6.574,1,1.899,1.405,0.975,0.746,0.075,0.067
2025,Panama,6.547,1,1.787,1.479,0.818,0.975,0.039,0.042
2025,Kuwait,6.543,1,1.862,1.316,0.88,1.031,0.11,0.167
2025,Spain,6.54,1,1.871,1.552,1.036,0.857,0.112,0.167
2025,Guatemala,6.533,1,1.472,1.175,0.38,1.034,0.076,0.094
2025,Malta,6.436,1,1.942,1.532,0.948,0.977,0.183,0.12
2025,Argentina,6.43,1,1.7,1.517,0.621,0.97,0.052,0.076
2025,Viet Nam,6.428,1,1.51,1.375,0.698,1.147,0.039,0.207
2025,Estonia,6.41,1,1.824,1.604,0.692,0.99,0.105,0.353
2025,Bosnia and Herzegovina,6.381,1,1.616,1.425,0.678,0.874,0.152,0.024
2025,Latvia,6.365,1,1.797,1.61,0.512,0.94,0.103,0.097
2025,Jamaica,6.305,1,1.445,1.554,0.371,0.966,0.059,0.082
2025,Chile,6.302,1,1.73,1.427,0.792,0.926,0.087,0.087
2025,Nicaragua,6.301,1,1.32,1.349,0.74,1.03,0.097,0.278
2025,Thailand,6.296,1,1.632,1.424,0.694,1.087,0.195,0.029
2025,Uzbekistan,6.283,1,1.415,1.527,0.771,1.085,0.173,0.196
2025,Slovakia,6.255,1,1.815,1.63,0.564,0.847,0.056,0.065
2025,Bahrain,6.254,1,1.93,1.293,0.693,1.055,0.143,0.171
2025,Philippines,6.206,1,1.413,1.285,0.286,1.085,0.088,0.095
2025,Paraguay,6.198,1,1.547,1.529,0.209,1.039,0.097,0.058
2025,Oman,6.197,1,1.789,1.286,0.58,1.057,0.132,0.188
2025,Ecuador,6.144,1,1.505,1.168,0.835,0.86,0.058,0.085
2025,Montenegro,6.139,1,1.709,1.485,0.68,0.935,0.073,0.142
2025,Japan,6.13,1,1.858,1.414,1.041,0.875,0.019,0.202
2025,Cyprus,6.126,1,1.892,1.215,0.953,0.794,0.086,0.07
2025,Honduras,6.096,1,1.277,1.083,0.466,0.999,0.122,0.081
2025,Dominican Republic,6.093,1,1.664,1.406,0.702,1.015,0.061,0.188
2025,China,6.074,1,1.662,0.963,0.905,0.793,0.089,0.161
2025,Kyrgyzstan,6.049,1,1.296,1.565,0.759,1.108,0.142,0.102
2025,Republic of Korea,6.04,1,1.906,1.23,1.028,0.825,0.089,0.149
2025,Colombia,6.04,1,1.586,1.374,0.63,0.915,0.042,0.051
2025,Portugal,6.029,1,1.83,1.461,0.944,1.005,0.035,0.031
2025,Croatia,6.009,1,1.834,1.562,0.737,0.675,0.022,0.095
2025,Malaysia,6.005,1,1.766,1.17,0.413,1.109,0.161,0.112
2025,Peru,5.974,1,1.535,1.24,0.605,0.849,0.055,0.01
2025,Mauritius,5.939,0,1.707,1.384,0.704,0.926,0.092,0.127
2025,Hungary,5.937,0,1.819,1.625,0.633,0.785,0.103,0.056
2025,Mongolia,5.936,0,1.558,1.615,0.421,0.752,0.162,0.051
2025,Trinidad and Tobago,5.905,0,1.748,1.413,0.49,0.884,0.109,0.0
2025,Republic of Moldova,5.851,0,1.55,1.277,0.409,0.981,0.053,0.037
2025,Bolivia,5.835,0,1.442,1.2,0.36,0.909,0.059,0.038
2025,Russian Federation,5.834,0,1.821,1.331,0.505,0.809,0.112,0.133
2025,Venezuela,5.756,0,0.0,1.335,0.561,0.846,0.18,0.133
2025,Libya,5.731,0,1.48,1.136,0.619,0.865,0.099,0.245
2025,North Macedonia,5.719,0,1.665,1.448,0.581,0.74,0.124,0.013
2025,Algeria,5.714,0,1.535,1.275,0.964,0.933,0.057,0.113
2025,Bulgaria,5.703,0,1.768,1.587,0.47,0.881,0.059,0.003
2025,Greece,5.697,0,1.795,1.257,0.799,0.478,0.023,0.064
2025,Albania,5.662,0,1.631,1.026,0.782,1.014,0.106,0.06
2025,Indonesia,5.617,0,1.512,1.229,0.485,1.043,0.295,0.033
2025,Armenia,5.584,0,1.608,1.225,1.05,0.914,0.026,0.152
2025,Hong Kong SAR of China,5.569,0,1.96,1.33,1.238,0.852,0.09,0.395
2025,Georgia,5.517,0,1.669,1.201,0.5,0.988,0.0,0.161
2025,Lao PDR,5.515,0,1.357,0.866,0.554,1.065,0.134,0.174
2025,Mozambique,5.336,0,0.839,1.018,0.126,0.888,0.116,0.165
2025,Türkiye,5.3,0,1.785,1.313,0.692,0.363,0.046,0.099
2025,Iraq,5.212,0,1.477,1.127,0.704,0.615,0.087,0.084
2025,Gabon,5.167,0,1.591,1.003,0.45,0.829,0.043,0.092
2025,Iran,5.151,0,1.565,1.249,0.693,0.599,0.189,0.124
2025,Côte d’Ivoire,5.148,0,1.285,0.694,0.45,0.84,0.1,0.176
2025,Nepal,5.147,0,1.2,1.099,0.508,0.887,0.117,0.075
2025,Cameroon,5.083,0,1.191,0.9,0.348,0.821,0.094,0.055
2025,South Africa,5.009,0,1.494,1.285,0.101,0.825,0.064,0.064
2025,Azerbaijan,4.993,0,1.636,0.979,0.847,0.935,0.058,0.198
2025,Niger,4.94,0,0.89,0.651,0.3,0.9,0.121,0.115
2025,Pakistan,4.868,0,1.224,0.556,0.489,0.564,0.144,0.071
2025,Tunisia,4.798,0,1.475,1.043,0.442,0.652,0.038,0.071
2025,Nigeria,4.788,0,1.335,1.083,0.462,0.735,0.151,0.036
2025,Senegal,4.787,0,1.164,0.882,0.48,0.922,0.114,0.113
2025,Namibia,4.781,0,1.41,1.411,0.038,0.67,0.048,0.058
2025,Kenya,4.674,0,1.242,0.879,0.518,0.798,0.207,0.093
2025,Ukraine,4.658,0,1.547,1.303,0.498,0.722,0.222,0.008
2025,Morocco,4.646,0,1.376,0.401,0.674,0.844,0.035,0.086
2025,Guinea,4.609,0,1.132,0.622,0.364,0.866,0.141,0.102
2025,Mali,4.588,0,1.036,0.779,0.381,0.904,0.078,0.105
2025,Ghana,4.554,0,1.297,0.961,0.507,0.932,0.123,0.035
2025,India,4.536,0,1.397,0.732,0.298,1.015,0.121,0.124
2025,Somalia,4.508,0,0.818,0.791,0.035,0.928,0.155,0.218
2025,Uganda,4.491,0,1.032,1.181,0.449,0.924,0.14,0.043
2025,Jordan,4.478,0,1.388,1.055,0.606,0.853,0.053,0.174
2025,Mauritania,4.473,0,1.272,0.787,0.593,0.593,0.109,0.188
2025,Cambodia,4.462,0,1.295,1.075,0.531,1.123,0.148,0.088
2025,Congo,4.456,0,1.259,0.554,0.391,0.751,0.074,0.123
2025,Burkina Faso,4.455,0,0.995,0.63,0.343,0.82,0.135,0.253
2025,Benin,4.393,0,1.122,0.087,0.409,0.816,0.086,0.243
2025,Chad,4.385,0,0.979,0.676,0.292,0.571,0.151,0.116
2025,Lesotho,4.375,0,1.007,1.135,0.0,0.741,0.057,0.069
2025,Bangladesh,4.319,0,1.353,0.245,0.672,1.078,0.111,0.087
2025,Gambia,4.306,0,1.05,0.853,0.393,0.807,0.223,0.042
2025,Myanmar,4.287,0,1.211,0.977,0.488,0.722,0.292,0.16
2025,Liberia,4.28,0,0.867,0.815,0.386,0.796,0.125,0.066
2025,Togo,4.277,0,1.039,0.572,0.442,0.682,0.085,0.144
2025,Madagascar,4.174,0,0.867,0.71,0.393,0.38,0.118,0.116
2025,Zambia,4.106,0,1.109,0.861,0.25,0.991,0.139,0.101
2025,Sri Lanka,4.013,0,1.496,1.13,0.567,0.872,0.111,0.059
2025,Ethiopia,3.985,0,1.033,0.854,0.453,0.653,0.144,0.097
2025,Comoros,3.925,0,1.089,0.352,0.468,0.373,0.118,0.172
2025,Eswatini,3.909,0,1.41,1.036,0.044,0.579,0.055,0.137
2025,Tanzania,3.902,0,1.108,0.778,0.459,1.006,0.145,0.251
2025,Egypt,3.862,0,1.558,0.862,0.521,0.727,0.022,0.097
2025,DR Congo,3.761,0,0.857,0.792,0.321,0.72,0.146,0.066
2025,Lebanon,3.723,0,1.428,1.05,0.416,0.434,0.074,0.057
2025,Yemen,3.532,0,0.692,1.292,0.431,0.549,0.084,0.109
2025,Botswana,3.464,0,1.582,0.989,0.017,0.86,0.022,0.093
2025,Zimbabwe,3.346,0,1.213,0.782,0.189,0.729,0.056,0.128
2025,Malawi,3.284,0,0.864,0.326,0.299,0.812,0.109,0.143
2025,Sierra Leone,3.251,0,1.054,0.692,0.405,0.8,0.131,0.052
2025,Afghanistan,1.446,0,0.921,0.0,0.176,0.0,0.079,0.131
